Workbook

Sheet 计算说明
A1: 副驾驶流转积分计算方式
A2: 副驾驶从学员到可流转状态的全过程培训积分计算，积分由12个部分组成，总分需达到210分以上才可能流转
A3: 积分类别 | B3: 计分标准
A4: 1. 改装理论 | B4: 一次通过得5分，否则0分
A5: 2. 改装模拟机 | B5: 一次通过得10分，否则0分
A6: 3. 改装本场 | B6: 一次通过得5分，否则0分
A7: 4. B类运行 | B7: 每运行1个月得3分
A8: 5. C类运行 | B8: 每运行1个月得6分
A9: 6. 欧洲报务 | B9: 获得资质10分+每月6分
A10: 7. 美加报务 | B10: 获得资质10分+每月6分
A11: 8. 西亚报务 | B11: 获得资质10分+每月6分
A12: 9. 飞行经历 | B12: C级后总经历时间×0.1
A13: 10. 历史分 | B13: 历史遗留分数，早期表格维护人加扣分总和，维持原状
A14: 11. 扣分项 | B14: 违规扣分等
... A17: 流转条件 | B17: 总积分必须大于210分
B18: 必须达到C级技术等级
B19: 必须获得欧洲报务资质
B20: 必须获得美加报务资质
B21: 本机型运行必须超过48个月
B22: C类运行必须超过3个月

Sheet 总表
A1: 员工号 | B1: 姓名 | C1: 分部 | D1: 最新等级 | E1: 积分排名 | F1: 培训状态 | G1: 考核项目 | H1: 进度预警 | I1: A1 | J1: 转A2阶段时长 | K1: A2 | L1: 转B总时长 | M1: 转B阶段时长 | N1: B | O1: 转C总时长 | P1: 转C阶段时长 | Q1: C | R1: D | S1: 欧洲报务培训时长 | T1: 欧洲报务 | U1: 美加报务培训时长 | V1: 美加报务 | W1: 西亚报务培训时长 | X1: 西亚报务 | Y1: 总分 | Z1: 改装理论一次通过 | AA1: 分数 | AB1: 改装模拟机一次通过 | AC1: 分数 | AD1: 改装本场一次通过 | AE1: 分数 | AF1: 技术等级A2-D | AG1: B类运行月数 | AH1: 分数 | AI1: C类运行月数 | AJ1: 分数 | AK1: 欧洲报务 | AL1: 欧洲报务月数 | AM1: 分数 | AN1: 美加报务 | AO1: 美加报务月数 | AP1: 分数 | AQ1: 西亚报务 | AR1: 西亚报务月数 | AS1: 分数 | AT1: 总经历时间 | AU1: 经历时间得分 | AV1: 本机型 运行月数 | AW1: 历史 | AX1: 扣分项 | AY1: 加分项 | AZ1: 更新说明
A2: 248310 | B2: 李晋诣 | C2: =VLOOKUP(B2,'姓名+分部'!A:B,2,FALSE) -> 二分部 | D2: D | E2: =IF(Q2>0,RANK(Y2,Y$2:Y$133),"无排名") -> 2 | F2: =IF(AND(Y2>1000,Q2>0,T2>0,V2>0,AV2>48,AI2>3),"可流转","继续培训") -> 可流转 | G2: =IF(N2>0,"不考核",IF(K2>0,"B",IF(I2>0,"A2",IF(I2=0,"学员",NA())))) -> 不考核 | H2: =_xlfn.IFS(N2>0,"完成考核",K2>0,K2+390,I2>0,I2+120) -> 完成考核 | I2: 43664 | J2: =IF($I2>0,IF(K2>0,DATEDIF(I2,K2,"m"),"未完成"),"学员") -> 1 | K2: 43702 | L2: =IF($I2>0,IF(N2>0,DATEDIF(I2,N2,"m"),"未完成"),"学员") -> 13 | M2: =IF($I2>0,IF(N2>0,DATEDIF(K2,N2,"m"),"未完成"),"学员") -> 12 | N2: 44079 | O2: =IF($I2>0,IF(Q2>0,DATEDIF(I2,Q2,"m"),"未完成"),"学员") -> 38 | P2: =IF($I2>0,IF(Q2>0,DATEDIF(N2,Q2,"m"),"未完成"),"学员") -> 24 | Q2: 44831 | R2: 45530 | S2: =IF($I2>0,IF(T2>0,DATEDIF(I2,T2,"m"),"未完成"),"学员") -> 12 | T2: 44056 | U2: =IF($I2>0,IF(V2>0,DATEDIF(I2,V2,"m"),"未完成"),"学员") -> 45 | V2: 45061 | W2: =IF($I2>0,IF(X2>0,DATEDIF(I2,X2,"m"),"未完成"),"学员") -> 67 | X2: 45725 | Y2: =AA2+AC2+AE2+AH2+AJ2+AM2+AP2+AS2+AW2+AX2+AY2+AU2 -> 2043.708 | Z2: 是 | AA2: =IF(Z2="是",5,0) -> 5 | AB2: 是 | AC2: =IF(AB2="是",10,0) -> 10 | AD2: 是 | AE2: =IF(AD2="是",5,0) -> 5 | AF2: =COUNTA(K2,N2,Q2,R2)*10 -> 40 | AG2: =IF(N2>0,DATEDIF(N2,TODAY(),"m"),0) -> 64 | AH2: =AG2*3 -> 192 | AI2: =IF(Q2>0,DATEDIF(Q2,TODAY(),"m"),0) -> 39 | AJ2: =AI2*6 -> 234 | AK2: =IF(T2>0,10,0) -> 10 | AL2: =IF(T2>0,DATEDIF(T2,TODAY(),"m"),0) -> 65 | AM2: =AL2*6 -> 390 | AN2: =IF(V2>0,10,0) -> 10 | AO2: =IF(V2>0,DATEDIF(V2,TODAY(),"m"),0) -> 32 | AP2: =AO2*6 -> 192 | AQ2: =IF(X2>0,10,0) -> 10 | AR2: =IF(X2>0,DATEDIF(X2,TODAY(),"m"),0) -> 10 | AS2: =AR2*6 -> 60 | AT2: =VLOOKUP(B2,经历时间!A:B,2,FALSE) -> 2742.08 | AU2: =IF(Q2>0,AT2*0.1,0) -> 274.208 | AV2: =IF(I2>0,DATEDIF(I2,TODAY(),"m"),0) -> 77 | AW2: 51.5 | AY2: =IFERROR(VLOOKUP(B2,'兼职+帮忙'!B:AF,28,FALSE),0) -> 630 | AZ2: 2025.9.15更新，截止2025年8月底，职员/兼职的分已经从头开始加上了，后续需要分部定期提供加分项。
A3: 251920 | B3: 周永富 | C3: =VLOOKUP(B3,'姓名+分部'!A:B,2,FALSE) -> 三分部 | D3: D | E3: =IF(Q3>0,RANK(Y3,Y$2:Y$133),"无排名") -> 4 | F3: =IF(AND(Y3>1000,Q3>0,T3>0,V3>0,AV3>48,AI3>3),"可流转","继续培训") -> 可流转 | G3: =IF(N3>0,"不考核",IF(K3>0,"B",IF(I3>0,"A2",IF(I3=0,"学员",NA())))) -> 不考核 | H3: =_xlfn.IFS(N3>0,"完成考核",K3>0,K3+390,I3>0,I3+120) -> 完成考核 | I3: 43728 | J3: =IF($I3>0,IF(K3>0,DATEDIF(I3,K3,"m"),"未完成"),"学员") -> 1 | K3: 43771 | L3: =IF($I3>0,IF(N3>0,DATEDIF(I3,N3,"m"),"未完成"),"学员") -> 14 | M3: =IF($I3>0,IF(N3>0,DATEDIF(K3,N3,"m"),"未完成"),"学员") -> 12 | N3: 44166 | O3: =IF($I3>0,IF(Q3>0,DATEDIF(I3,Q3,"m"),"未完成"),"学员") -> 42 | P3: =IF($I3>0,IF(Q3>0,DATEDIF(N3,Q3,"m"),"未完成"),"学员") -> 28 | Q3: 45017 | R3: 45373 | S3: =IF($I3>0,IF(T3>0,DATEDIF(I3,T3,"m"),"未完成"),"学员") -> 21 | T3: 44382 | U3: =IF($I3>0,IF(V3>0,DATEDIF(I3,V3,"m"),"未完成"),"学员") -> 10 | V3: 44043 | W3: =IF($I3>0,IF(X3>0,DATEDIF(I3,X3,"m"),"未完成"),"学员") -> 未完成 | Y3: =AA3+AC3+AE3+AH3+AJ3+AM3+AP3+AS3+AW3+AX3+AY3+AU3 -> 1946.203 | Z3: 是 | AA3: =IF(Z3="是",5,0) -> 5 | AB3: 是 | AC3: =IF(AB3="是",10,0) -> 10 | AD3: 是 | AE3: =IF(AD3="是",5,0) -> 5 | AF3: =COUNTA(K3,N3,Q3,R3)*10 -> 40 | AG3: =IF(N3>0,DATEDIF(N3,TODAY(),"m"),0) -> 61 | AH3: =AG3*3 -> 183 | AI3: =IF(Q3>0,DATEDIF(Q3,TODAY(),"m"),0) -> 33 | AJ3: =AI3*6 -> 198 | AK3: =IF(T3>0,10,0) -> 10 | AL3: =IF(T3>0,DATEDIF(T3,TODAY(),"m"),0) -> 54 | AM3: =AL3*6 -> 324 | AN3: =IF(V3>0,10,0) -> 10 | AO3: =IF(V3>0,DATEDIF(V3,TODAY(),"m"),0) -> 65 | AP3: =AO3*6 -> 390 | AQ3: =IF(X3>0,10,0) -> 0 | AR3: =IF(X3>0,DATEDIF(X3,TODAY(),"m"),0) -> 0 | AS3: =AR3*6 -> 0 | AT3: =VLOOKUP(B3,经历时间!A:B,2,FALSE) -> 2590.03 | AU3: =IF(Q3>0,AT3*0.1,0) -> 259.003 | AV3: =IF(I3>0,DATEDIF(I3,TODAY(),"m"),0) -> 75 | AW3: 32.2 | AY3: =IFERROR(VLOOKUP(B3,'兼职+帮忙'!B:AF,28,FALSE),0) -> 540 | AZ3: 2025.9.16新增谢源的帮忙加分，修复了“经历时间得分”的计算。
A4: 247692 | B4: 李鹏 | C4: =VLOOKUP(B4,'姓名+分部'!A:B,2,FALSE) -> 一分部 | D4: D | E4: =IF(Q4>0,RANK(Y4,Y$2:Y$133),"无排名") -> 1 | F4: =IF(AND(Y4>1000,Q4>0,T4>0,V4>0,AV4>48,AI4>3),"可流转","继续培训") -> 可流转 | G4: =IF(N4>0,"不考核",IF(K4>0,"B",IF(I4>0,"A2",IF(I4=0,"学员",NA())))) -> 不考核 | H4: =_xlfn.IFS(N4>0,"完成考核",K4>0,K4+390,I4>0,I4+120) -> 完成考核 | I4: 43731 | J4: =IF($I4>0,IF(K4>0,DATEDIF(I4,K4,"m"),"未完成"),"学员") -> 1 | K4: 43762 | L4: =IF($I4>0,IF(N4>0,DATEDIF(I4,N4,"m"),"未完成"),"学员") -> 19 | M4: =IF($I4>0,IF(N4>0,DATEDIF(K4,N4,"m"),"未完成"),"学员") -> 18 | N4: 44333 | O4: =IF($I4>0,IF(Q4>0,DATEDIF(I4,Q4,"m"),"未完成"),"学员") -> 43 | P4: =IF($I4>0,IF(Q4>0,DATEDIF(N4,Q4,"m"),"未完成"),"学员") -> 23 | Q4: 45061 | R4: 45919 | S4: =IF($I4>0,IF(T4>0,DATEDIF(I4,T4,"m"),"未完成"),"学员") -> 15 | T4: 44216 | U4: =IF($I4>0,IF(V4>0,DATEDIF(I4,V4,"m"),"未完成"),"学员") -> 8 | V4: 43993 | W4: =IF($I4>0,IF(X4>0,DATEDIF(I4,X4,"m"),"未完成"),"学员") -> 60 | X4: 45584 | Y4: =AA4+AC4+AE4+AH4+AJ4+AM4+AP4+AS4+AW4+AX4+AY4+AU4 -> 2098.428 | Z4: 是 | AA4: =IF(Z4="是",5,0) -> 5 | AB4: 是 | AC4: =IF(AB4="是",10,0) -> 10 | AD4: 是 | AE4: =IF(AD4="是",5,0) -> 5 | AF4: =COUNTA(K4,N4,Q4,R4)*10 -> 40 | AG4: =IF(N4>0,DATEDIF(N4,TODAY(),"m"),0) -> 55 | AH4: =AG4*3 -> 165 | AI4: =IF(Q4>0,DATEDIF(Q4,TODAY(),"m"),0) -> 32 | AJ4: =AI4*6 -> 192 | AK4: =IF(T4>0,10,0) -> 10 | AL4: =IF(T4>0,DATEDIF(T4,TODAY(),"m"),0) -> 59 | AM4: =AL4*6 -> 354 | AN4: =IF(V4>0,10,0) -> 10 | AO4: =IF(V4>0,DATEDIF(V4,TODAY(),"m"),0) -> 67 | AP4: =AO4*6 -> 402 | AQ4: =IF(X4>0,10,0) -> 10 | AR4: =IF(X4>0,DATEDIF(X4,TODAY(),"m"),0) -> 14 | AS4: =AR4*6 -> 84 | AT4: =VLOOKUP(B4,经历时间!A:B,2,FALSE) -> 2924.28 | AU4: =IF(Q4>0,AT4*0.1,0) -> 292.428 | AV4: =IF(I4>0,DATEDIF(I4,TODAY(),"m"),0) -> 75 | AW4: 34.5 | AY4: =IFERROR(VLOOKUP(B4,'兼职+帮忙'!B:AF,28,FALSE),0) -> 554.5 | AZ4: 2025.10.16职员加分改为10分/月，兼职加分改5分/月
A5: 248320 | B5: 陈利勤 | C5: =VLOOKUP(B5,'姓名+分部'!A:B,2,FALSE) -> 一分部 | D5: D | E5: =IF(Q5>0,RANK(Y5,Y$2:Y$133),"无排名") -> 3 | F5: =IF(AND(Y5>1000,Q5>0,T5>0,V5>0,AV5>48,AI5>3),"可流转","继续培训") -> 可流转 | G5: =IF(N5>0,"不考核",IF(K5>0,"B",IF(I5>0,"A2",IF(I5=0,"学员",NA())))) -> 不考核 | H5: =_xlfn.IFS(N5>0,"完成考核",K5>0,K5+390,I5>0,I5+120) -> 完成考核 | I5: 43666 | J5: =IF($I5>0,IF(K5>0,DATEDIF(I5,K5,"m"),"未完成"),"学员") -> 1 | K5: 43697 | L5: =IF($I5>0,IF(N5>0,DATEDIF(I5,N5,"m"),"未完成"),"学员") -> 16 | M5: =IF($I5>0,IF(N5>0,DATEDIF(K5,N5,"m"),"未完成"),"学员") -> 15 | N5: 44179 | O5: =IF($I5>0,IF(Q5>0,DATEDIF(I5,Q5,"m"),"未完成"),"学员") -> 41 | P5: =IF($I5>0,IF(Q5>0,DATEDIF(N5,Q5,"m"),"未完成"),"学员") -> 24 | Q5: 44925 | R5: 45574 | S5: =IF($I5>0,IF(T5>0,DATEDIF(I5,T5,"m"),"未完成"),"学员") -> 14 | T5: 44123 | U5: =IF($I5>0,IF(V5>0,DATEDIF(I5,V5,"m"),"未完成"),"学员") -> 45 | V5: 45050 | W5: =IF($I5>0,IF(X5>0,DATEDIF(I5,X5,"m"),"未完成"),"学员") -> 66 | X5: 45692 | Y5: =AA5+AC5+AE5+AH5+AJ5+AM5+AP5+AS5+AW5+AX5+AY5+AU5 -> 2017.842 | Z5: 是 | AA5: =IF(Z5="是",5,0) -> 5 | AB5: 是 | AC5: =IF(AB5="是",10,0) -> 10 | AD5: 是 | AE5: =IF(AD5="是",5,0) -> 5 | AF5: =COUNTA(K5,N5,Q5,R5)*10 -> 40 | AG5: =IF(N5>0,DATEDIF(N5,TODAY(),"m"),0) -> 61 | AH5: =AG5*3 -> 183 | AI5: =IF(Q5>0,DATEDIF(Q5,TODAY(),"m"),0) -> 36 | AJ5: =AI5*6 -> 216 | AK5: =IF(T5>0,10,0) -> 10 | AL5: =IF(T5>0,DATEDIF(T5,TODAY(),"m"),0) -> 62 | AM5: =AL5*6 -> 372 | AN5: =IF(V5>0,10,0) -> 10 | AO5: =IF(V5>0,DATEDIF(V5,TODAY(),"m"),0) -> 32 | AP5: =AO5*6 -> 192 | AQ5: =IF(X5>0,10,0) -> 10 | AR5: =IF(X5>0,DATEDIF(X5,TODAY(),"m"),0) -> 11 | AS5: =AR5*6 -> 66 | AT5: =VLOOKUP(B5,经历时间!A:B,2,FALSE) -> 2758.42 | AU5: =IF(Q5>0,AT5*0.1,0) -> 275.842 | AV5: =IF(I5>0,DATEDIF(I5,TODAY(),"m"),0) -> 77 | AW5: 63 | AY5: =IFERROR(VLOOKUP(B5,'兼职+帮忙'!B:AF,28,FALSE),0) -> 630 | AZ5: 2025.11.12更新了9月，10月技术等级，更新了总经历时间
A6: 260944 | B6: 王若飞 | C6: =VLOOKUP(B6,'姓名+分部'!A:B,2,FALSE) -> 二分部 | D6: D | E6: =IF(Q6>0,RANK(Y6,Y$2:Y$133),"无排名") -> 12 | F6: =IF(AND(Y6>1000,Q6>0,T6>0,V6>0,AV6>48,AI6>3),"可流转","继续培训") -> 可流转 | G6: =IF(N6>0,"不考核",IF(K6>0,"B",IF(I6>0,"A2",IF(I6=0,"学员",NA())))) -> 不考核 | H6: =_xlfn.IFS(N6>0,"完成考核",K6>0,K6+390,I6>0,I6+120) -> 完成考核 | I6: 44027 | J6: =IF($I6>0,IF(K6>0,DATEDIF(I6,K6,"m"),"未完成"),"学员") -> 6 | K6: 44230 | L6: =IF($I6>0,IF(N6>0,DATEDIF(I6,N6,"m"),"未完成"),"学员") -> 39 | M6: =IF($I6>0,IF(N6>0,DATEDIF(K6,N6,"m"),"未完成"),"学员") -> 32 | N6: 45220 | O6: =IF($I6>0,IF(Q6>0,DATEDIF(I6,Q6,"m"),"未完成"),"学员") -> 52 | P6: =IF($I6>0,IF(Q6>0,DATEDIF(N6,Q6,"m"),"未完成"),"学员") -> 13 | Q6: 45623 | R6: 45951 | S6: =IF($I6>0,IF(T6>0,DATEDIF(I6,T6,"m"),"未完成"),"学员") -> 27 | T6: 44858 | U6: =IF($I6>0,IF(V6>0,DATEDIF(I6,V6,"m"),"未完成"),"学员") -> 35 | V6: 45101 | W6: =IF($I6>0,IF(X6>0,DATEDIF(I6,X6,"m"),"未完成"),"学员") -> 52 | X6: 45632 | Y6: =AA6+AC6+AE6+AH6+AJ6+AM6+AP6+AS6+AW6+AX6+AY6+AU6 -> 1130.021 | Z6: 是 | AA6: =IF(Z6="是",5,0) -> 5 | AB6: 是 | AC6: =IF(AB6="是",10,0) -> 10 | AD6: 是 | AE6: =IF(AD6="是",5,0) -> 5 | AF6: =COUNTA(K6,N6,Q6,R6)*10 -> 40 | AG6: =IF(N6>0,DATEDIF(N6,TODAY(),"m"),0) -> 26 | AH6: =AG6*3 -> 78 | AI6: =IF(Q6>0,DATEDIF(Q6,TODAY(),"m"),0) -> 13 | AJ6: =AI6*6 -> 78 | AK6: =IF(T6>0,10,0) -> 10 | AL6: =IF(T6>0,DATEDIF(T6,TODAY(),"m"),0) -> 38 | AM6: =AL6*6 -> 228 | AN6: =IF(V6>0,10,0) -> 10 | AO6: =IF(V6>0,DATEDIF(V6,TODAY(),"m"),0) -> 30 | AP6: =AO6*6 -> 180 | AQ6: =IF(X6>0,10,0) -> 10 | AR6: =IF(X6>0,DATEDIF(X6,TODAY(),"m"),0) -> 13 | AS6: =AR6*6 -> 78 | AT6: =VLOOKUP(B6,经历时间!A:B,2,FALSE) -> 2240.21 | AU6: =IF(Q6>0,AT6*0.1,0) -> 224.021 | AV6: =IF(I6>0,DATEDIF(I6,TODAY(),"m"),0) -> 66 | AW6: 22 | AY6: =IFERROR(VLOOKUP(B6,'兼职+帮忙'!B:AF,28,FALSE),0) -> 222 | AZ6: 2026.1.6新增了公式说明，新增卢元俊的兼职帮忙加分
A7: 247704 | B7: 卢元俊 | C7: =VLOOKUP(B7,'姓名+分部'!A:B,2,FALSE) -> 二分部 | D7: C | E7: =IF(Q7>0,RANK(Y7,Y$2:Y$133),"无排名") -> 5 | F7: =IF(AND(Y7>1000,Q7>0,T7>0,V7>0,AV7>48,AI7>3),"可流转","继续培训") -> 可流转 | G7: =IF(N7>0,"不考核",IF(K7>0,"B",IF(I7>0,"A2",IF(I7=0,"学员",NA())))) -> 不考核 | H7: =_xlfn.IFS(N7>0,"完成考核",K7>0,K7+390,I7>0,I7+120) -> 完成考核 | I7: 43664 | J7: =IF($I7>0,IF(K7>0,DATEDIF(I7,K7,"m"),"未完成"),"学员") -> 1 | K7: 43706 | L7: =IF($I7>0,IF(N7>0,DATEDIF(I7,N7,"m"),"未完成"),"学员") -> 15 | M7: =IF($I7>0,IF(N7>0,DATEDIF(K7,N7,"m"),"未完成"),"学员") -> 13 | N7: 44126 | O7: =IF($I7>0,IF(Q7>0,DATEDIF(I7,Q7,"m"),"未完成"),"学员") -> 42 | P7: =IF($I7>0,IF(Q7>0,DATEDIF(N7,Q7,"m"),"未完成"),"学员") -> 26 | Q7: 44945 | S7: =IF($I7>0,IF(T7>0,DATEDIF(I7,T7,"m"),"未完成"),"学员") -> 12 | T7: 44046 | U7: =IF($I7>0,IF(V7>0,DATEDIF(I7,V7,"m"),"未完成"),"学员") -> 46 | V7: 45075 | W7: =IF($I7>0,IF(X7>0,DATEDIF(I7,X7,"m"),"未完成"),"学员") -> 70 | X7: 45797 | Y7: =AA7+AC7+AE7+AH7+AJ7+AM7+AP7+AS7+AW7+AX7+AY7+AU7 -> 1758.554 | Z7: 是 | AA7: =IF(Z7="是",5,0) -> 5 | AB7: 是 | AC7: =IF(AB7="是",10,0) -> 10 | AD7: 是 | AE7: =IF(AD7="是",5,0) -> 5 | AF7: =COUNTA(K7,N7,Q7,R7)*10 -> 30 | AG7: =IF(N7>0,DATEDIF(N7,TODAY(),"m"),0) -> 62 | AH7: =AG7*3 -> 186 | AI7: =IF(Q7>0,DATEDIF(Q7,TODAY(),"m"),0) -> 35 | AJ7: =AI7*6 -> 210 | AK7: =IF(T7>0,10,0) -> 10 | AL7: =IF(T7>0,DATEDIF(T7,TODAY(),"m"),0) -> 65 | AM7: =AL7*6 -> 390 | AN7: =IF(V7>0,10,0) -> 10 | AO7: =IF(V7>0,DATEDIF(V7,TODAY(),"m"),0) -> 31 | AP7: =AO7*6 -> 186 | AQ7: =IF(X7>0,10,0) -> 10 | AR7: =IF(X7>0,DATEDIF(X7,TODAY(),"m"),0) -> 7 | AS7: =AR7*6 -> 42 | AT7: =VLOOKUP(B7,经历时间!A:B,2,FALSE) -> 2913.54 | AU7: =IF(Q7>0,AT7*0.1,0) -> 291.354 | AV7: =IF(I7>0,DATEDIF(I7,TODAY(),"m"),0) -> 77 | AW7: 22.2 | AY7: =IFERROR(VLOOKUP(B7,'兼职+帮忙'!B:AF,28,FALSE),0) -> 411 | AZ7: 2026.1.12归档了2026之前的加分记录
A8: 248907 | B8: 余希 | C8: =VLOOKUP(B8,'姓名+分部'!A:B,2,FALSE) -> 三分部 | D8: D | E8: =IF(Q8>0,RANK(Y8,Y$2:Y$133),"无排名") -> 11 | F8: =IF(AND(Y8>1000,Q8>0,T8>0,V8>0,AV8>48,AI8>3),"可流转","继续培训") -> 可流转 | G8: =IF(N8>0,"不考核",IF(K8>0,"B",IF(I8>0,"A2",IF(I8=0,"学员",NA())))) -> 不考核 | H8: =_xlfn.IFS(N8>0,"完成考核",K8>0,K8+390,I8>0,I8+120) -> 完成考核 | I8: 44125 | J8: =IF($I8>0,IF(K8>0,DATEDIF(I8,K8,"m"),"未完成"),"学员") -> 1 | K8: 44185 | L8: =IF($I8>0,IF(N8>0,DATEDIF(I8,N8,"m"),"未完成"),"学员") -> 32 | M8: =IF($I8>0,IF(N8>0,DATEDIF(K8,N8,"m"),"未完成"),"学员") -> 30 | N8: 45112 | O8: =IF($I8>0,IF(Q8>0,DATEDIF(I8,Q8,"m"),"未完成"),"学员") -> 36 | P8: =IF($I8>0,IF(Q8>0,DATEDIF(N8,Q8,"m"),"未完成"),"学员") -> 4 | Q8: 45244 | R8: 45568 | S8: =IF($I8>0,IF(T8>0,DATEDIF(I8,T8,"m"),"未完成"),"学员") -> 28 | T8: 44997 | U8: =IF($I8>0,IF(V8>0,DATEDIF(I8,V8,"m"),"未完成"),"学员") -> 32 | V8: 45112 | W8: =IF($I8>0,IF(X8>0,DATEDIF(I8,X8,"m"),"未完成"),"学员") -> 51 | X8: 45696 | Y8: =AA8+AC8+AE8+AH8+AJ8+AM8+AP8+AS8+AW8+AX8+AY8+AU8 -> 1135.423 | Z8: 是 | AA8: =IF(Z8="是",5,0) -> 5 | AB8: 是 | AC8: =IF(AB8="是",10,0) -> 10 | AD8: 是 | AE8: =IF(AD8="是",5,0) -> 5 | AF8: =COUNTA(K8,N8,Q8,R8)*10 -> 40 | AG8: =IF(N8>0,DATEDIF(N8,TODAY(),"m"),0) -> 30 | AH8: =AG8*3 -> 90 | AI8: =IF(Q8>0,DATEDIF(Q8,TODAY(),"m"),0) -> 26 | AJ8: =AI8*6 -> 156 | AK8: =IF(T8>0,10,0) -> 10 | AL8: =IF(T8>0,DATEDIF(T8,TODAY(),"m"),0) -> 34 | AM8: =AL8*6 -> 204 | AN8: =IF(V8>0,10,0) -> 10 | AO8: =IF(V8>0,DATEDIF(V8,TODAY(),"m"),0) -> 30 | AP8: =AO8*6 -> 180 | AQ8: =IF(X8>0,10,0) -> 10 | AR8: =IF(X8>0,DATEDIF(X8,TODAY(),"m"),0) -> 11 | AS8: =AR8*6 -> 66 | AT8: =VLOOKUP(B8,经历时间!A:B,2,FALSE) -> 2721.23 | AU8: =IF(Q8>0,AT8*0.1,0) -> 272.123 | AV8: =IF(I8>0,DATEDIF(I8,TODAY(),"m"),0) -> 62 | AW8: -2.7 | AY8: =IFERROR(VLOOKUP(B8,'兼职+帮忙'!B:AF,28,FALSE),0) -> 150 | AZ8: 2026.1.16新增周锐豪 仁泽尧 罗浩诚运训室帮忙，从2026.1.1开始计算
A9: 259803 | B9: 任泽尧 | C9: =VLOOKUP(B9,'姓名+分部'!A:B,2,FALSE) -> 一分部 | D9: C | E9: =IF(Q9>0,RANK(Y9,Y$2:Y$133),"无排名") -> 18 | F9: =IF(AND(Y9>1000,Q9>0,T9>0,V9>0,AV9>48,AI9>3),"可流转","继续培训") -> 继续培训 | G9: =IF(N9>0,"不考核",IF(K9>0,"B",IF(I9>0,"A2",IF(I9=0,"学员",NA())))) -> 不考核 | H9: =_xlfn.IFS(N9>0,"完成考核",K9>0,K9+390,I9>0,I9+120) -> 完成考核 | I9: 43991 | J9: =IF($I9>0,IF(K9>0,DATEDIF(I9,K9,"m"),"未完成"),"学员") -> 4 | K9: 44117 | L9: =IF($I9>0,IF(N9>0,DATEDIF(I9,N9,"m"),"未完成"),"学员") -> 40 | M9: =IF($I9>0,IF(N9>0,DATEDIF(K9,N9,"m"),"未完成"),"学员") -> 36 | N9: 45229 | O9: =IF($I9>0,IF(Q9>0,DATEDIF(I9,Q9,"m"),"未完成"),"学员") -> 51 | P9: =IF($I9>0,IF(Q9>0,DATEDIF(N9,Q9,"m"),"未完成"),"学员") -> 10 | Q9: 45561 | S9: =IF($I9>0,IF(T9>0,DATEDIF(I9,T9,"m"),"未完成"),"学员") -> 28 | T9: 44847 | U9: =IF($I9>0,IF(V9>0,DATEDIF(I9,V9,"m"),"未完成"),"学员") -> 35 | V9: 45075 | W9: =IF($I9>0,IF(X9>0,DATEDIF(I9,X9,"m"),"未完成"),"学员") -> 54 | X9: 45646 | Y9: =AA9+AC9+AE9+AH9+AJ9+AM9+AP9+AS9+AW9+AX9+AY9+AU9 -> 912.834 | Z9: 是 | AA9: =IF(Z9="是",5,0) -> 5 | AB9: 是 | AC9: =IF(AB9="是",10,0) -> 10 | AD9: 是 | AE9: =IF(AD9="是",5,0) -> 5 | AF9: =COUNTA(K9,N9,Q9,R9)*10 -> 30 | AG9: =IF(N9>0,DATEDIF(N9,TODAY(),"m"),0) -> 26 | AH9: =AG9*3 -> 78 | AI9: =IF(Q9>0,DATEDIF(Q9,TODAY(),"m"),0) -> 15 | AJ9: =AI9*6 -> 90 | AK9: =IF(T9>0,10,0) -> 10 | AL9: =IF(T9>0,DATEDIF(T9,TODAY(),"m"),0) -> 39 | AM9: =AL9*6 -> 234 | AN9: =IF(V9>0,10,0) -> 10 | AO9: =IF(V9>0,DATEDIF(V9,TODAY(),"m"),0) -> 31 | AP9: =AO9*6 -> 186 | AQ9: =IF(X9>0,10,0) -> 10 | AR9: =IF(X9>0,DATEDIF(X9,TODAY(),"m"),0) -> 12 | AS9: =AR9*6 -> 72 | AT9: =VLOOKUP(B9,经历时间!A:B,2,FALSE) -> 2328.34 | AU9: =IF(Q9>0,AT9*0.1,0) -> 232.834 | AV9: =IF(I9>0,DATEDIF(I9,TODAY(),"m"),0) -> 67 | AW9: 0 | AY9: =IFERROR(VLOOKUP(B9,'兼职+帮忙'!B:AF,28,FALSE),0) -> 0
A10: 273299 | B10: 欧阳文威 | C10: =VLOOKUP(B10,'姓名+分部'!A:B,2,FALSE) -> 三分部 | D10: C | E10: =IF(Q10>0,RANK(Y10,Y$2:Y$133),"无排名") -> 8 | F10: =IF(AND(Y10>1000,Q10>0,T10>0,V10>0,AV10>48,AI10>3),"可流转","继续培训") -> 继续培训 | G10: =IF(N10>0,"不考核",IF(K10>0,"B",IF(I10>0,"A2",IF(I10=0,"学员",NA())))) -> 不考核 | H10: =_xlfn.IFS(N10>0,"完成考核",K10>0,K10+390,I10>0,I10+120) -> 完成考核 | I10: 44587 | J10: =IF($I10>0,IF(K10>0,DATEDIF(I10,K10,"m"),"未完成"),"学员") -> 11 | K10: 44922 | L10: =IF($I10>0,IF(N10>0,DATEDIF(I10,N10,"m"),"未完成"),"学员") -> 21 | M10: =IF($I10>0,IF(N10>0,DATEDIF(K10,N10,"m"),"未完成"),"学员") -> 10 | N10: 45237 | O10: =IF($I10>0,IF(Q10>0,DATEDIF(I10,Q10,"m"),"未完成"),"学员") -> 30 | P10: =IF($I10>0,IF(Q10>0,DATEDIF(N10,Q10,"m"),"未完成"),"学员") -> 8 | Q10: 45504 | S10: =IF($I10>0,IF(T10>0,DATEDIF(I10,T10,"m"),"未完成"),"学员") -> 8 | T10: 44842 | U10: =IF($I10>0,IF(V10>0,DATEDIF(I10,V10,"m"),"未完成"),"学员") -> 25 | V10: 45366 | W10: =IF($I10>0,IF(X10>0,DATEDIF(I10,X10,"m"),"未完成"),"学员") -> 34 | X10: 45643 | Y10: =AA10+AC10+AE10+AH10+AJ10+AM10+AP10+AS10+AW10+AX10+AY10+AU10 -> 1450.158 | Z10: 是 | AA10: =IF(Z10="是",5,0) -> 5 | AB10: 是 | AC10: =IF(AB10="是",10,0) -> 10 | AD10: 是 | AE10: =IF(AD10="是",5,0) -> 5 | AF10: =COUNTA(K10,N10,Q10,R10)*10 -> 30 | AG10: =IF(N10>0,DATEDIF(N10,TODAY(),"m"),0) -> 26 | AH10: =AG10*3 -> 78 | AI10: =IF(Q10>0,DATEDIF(Q10,TODAY(),"m"),0) -> 17 | AJ10: =AI10*6 -> 102 | AK10: =IF(T10>0,10,0) -> 10 | AL10: =IF(T10>0,DATEDIF(T10,TODAY(),"m"),0) -> 39 | AM10: =AL10*6 -> 234 | AN10: =IF(V10>0,10,0) -> 10 | AO10: =IF(V10>0,DATEDIF(V10,TODAY(),"m"),0) -> 22 | AP10: =AO10*6 -> 132 | AQ10: =IF(X10>0,10,0) -> 10 | AR10: =IF(X10>0,DATEDIF(X10,TODAY(),"m"),0) -> 12 | AS10: =AR10*6 -> 72 | AT10: =VLOOKUP(B10,经历时间!A:B,2,FALSE) -> 1751.58 | AU10: =IF(Q10>0,AT10*0.1,0) -> 175.158 | AV10: =IF(I10>0,DATEDIF(I10,TODAY(),"m"),0) -> 47 | AW10: 25 | AY10: =IFERROR(VLOOKUP(B10,'兼职+帮忙'!B:AF,28,FALSE),0) -> 612
A11: 258463 | B11: 唐鑫魁 | C11: =VLOOKUP(B11,'姓名+分部'!A:B,2,FALSE) -> 二分部 | D11: C | E11: =IF(Q11>0,RANK(Y11,Y$2:Y$133),"无排名") -> 10 | F11: =IF(AND(Y11>1000,Q11>0,T11>0,V11>0,AV11>48,AI11>3),"可流转","继续培训") -> 可流转 | G11: =IF(N11>0,"不考核",IF(K11>0,"B",IF(I11>0,"A2",IF(I11=0,"学员",NA())))) -> 不考核 | H11: =_xlfn.IFS(N11>0,"完成考核",K11>0,K11+390,I11>0,I11+120) -> 完成考核 | I11: 43901 | J11: =IF($I11>0,IF(K11>0,DATEDIF(I11,K11,"m"),"未完成"),"学员") -> 7 | K11: 44117 | L11: =IF($I11>0,IF(N11>0,DATEDIF(I11,N11,"m"),"未完成"),"学员") -> 42 | M11: =IF($I11>0,IF(N11>0,DATEDIF(K11,N11,"m"),"未完成"),"学员") -> 35 | N11: 45187 | O11: =IF($I11>0,IF(Q11>0,DATEDIF(I11,Q11,"m"),"未完成"),"学员") -> 53 | P11: =IF($I11>0,IF(Q11>0,DATEDIF(N11,Q11,"m"),"未完成"),"学员") -> 11 | Q11: 45545 | S11: =IF($I11>0,IF(T11>0,DATEDIF(I11,T11,"m"),"未完成"),"学员") -> 32 | T11: 44884 | U11: =IF($I11>0,IF(V11>0,DATEDIF(I11,V11,"m"),"未完成"),"学员") -> 44 | V11: 45258 | W11: =IF($I11>0,IF(X11>0,DATEDIF(I11,X11,"m"),"未完成"),"学员") -> 未完成 | Y11: =AA11+AC11+AE11+AH11+AJ11+AM11+AP11+AS11+AW11+AX11+AY11+AU11 -> 1166.855 | Z11: 是 | AA11: =IF(Z11="是",5,0) -> 5 | AB11: 是 | AC11: =IF(AB11="是",10,0) -> 10 | AD11: 是 | AE11: =IF(AD11="是",5,0) -> 5 | AF11: =COUNTA(K11,N11,Q11,R11)*10 -> 30 | AG11: =IF(N11>0,DATEDIF(N11,TODAY(),"m"),0) -> 27 | AH11: =AG11*3 -> 81 | AI11: =IF(Q11>0,DATEDIF(Q11,TODAY(),"m"),0) -> 16 | AJ11: =AI11*6 -> 96 | AK11: =IF(T11>0,10,0) -> 10 | AL11: =IF(T11>0,DATEDIF(T11,TODAY(),"m"),0) -> 37 | AM11: =AL11*6 -> 222 | AN11: =IF(V11>0,10,0) -> 10 | AO11: =IF(V11>0,DATEDIF(V11,TODAY(),"m"),0) -> 25 | AP11: =AO11*6 -> 150 | AQ11: =IF(X11>0,10,0) -> 0 | AR11: =IF(X11>0,DATEDIF(X11,TODAY(),"m"),0) -> 0 | AS11: =AR11*6 -> 0 | AT11: =VLOOKUP(B11,经历时间!A:B,2,FALSE) -> 2481.55 | AU11: =IF(Q11>0,AT11*0.1,0) -> 248.155 | AV11: =IF(I11>0,DATEDIF(I11,TODAY(),"m"),0) -> 70 | AW11: 21.7 | AY11: =IFERROR(VLOOKUP(B11,'兼职+帮忙'!B:AF,28,FALSE),0) -> 328
A12: 262062 | B12: 傅燧旭 | C12: =VLOOKUP(B12,'姓名+分部'!A:B,2,FALSE) -> 三分部 | D12: C | E12: =IF(Q12>0,RANK(Y12,Y$2:Y$133),"无排名") -> 14 | F12: =IF(AND(Y12>1000,Q12>0,T12>0,V12>0,AV12>48,AI12>3),"可流转","继续培训") -> 可流转 | G12: =IF(N12>0,"不考核",IF(K12>0,"B",IF(I12>0,"A2",IF(I12=0,"学员",NA())))) -> 不考核 | H12: =_xlfn.IFS(N12>0,"完成考核",K12>0,K12+390,I12>0,I12+120) -> 完成考核 | I12: 44027 | J12: =IF($I12>0,IF(K12>0,DATEDIF(I12,K12,"m"),"未完成"),"学员") -> 9 | K12: 44323 | L12: =IF($I12>0,IF(N12>0,DATEDIF(I12,N12,"m"),"未完成"),"学员") -> 39 | M12: =IF($I12>0,IF(N12>0,DATEDIF(K12,N12,"m"),"未完成"),"学员") -> 29 | N12: 45215 | O12: =IF($I12>0,IF(Q12>0,DATEDIF(I12,Q12,"m"),"未完成"),"学员") -> 51 | P12: =IF($I12>0,IF(Q12>0,DATEDIF(N12,Q12,"m"),"未完成"),"学员") -> 12 | Q12: 45587 | S12: =IF($I12>0,IF(T12>0,DATEDIF(I12,T12,"m"),"未完成"),"学员") -> 24 | T12: 44778 | U12: =IF($I12>0,IF(V12>0,DATEDIF(I12,V12,"m"),"未完成"),"学员") -> 37 | V12: 45159 | W12: =IF($I12>0,IF(X12>0,DATEDIF(I12,X12,"m"),"未完成"),"学员") -> 未完成 | Y12: =AA12+AC12+AE12+AH12+AJ12+AM12+AP12+AS12+AW12+AX12+AY12+AU12 -> 1032.841 | Z12: 是 | AA12: =IF(Z12="是",5,0) -> 5 | AB12: 是 | AC12: =IF(AB12="是",10,0) -> 10 | AD12: 是 | AE12: =IF(AD12="是",5,0) -> 5 | AF12: =COUNTA(K12,N12,Q12,R12)*10 -> 30 | AG12: =IF(N12>0,DATEDIF(N12,TODAY(),"m"),0) -> 27 | AH12: =AG12*3 -> 81 | AI12: =IF(Q12>0,DATEDIF(Q12,TODAY(),"m"),0) -> 14 | AJ12: =AI12*6 -> 84 | AK12: =IF(T12>0,10,0) -> 10 | AL12: =IF(T12>0,DATEDIF(T12,TODAY(),"m"),0) -> 41 | AM12: =AL12*6 -> 246 | AN12: =IF(V12>0,10,0) -> 10 | AO12: =IF(V12>0,DATEDIF(V12,TODAY(),"m"),0) -> 28 | AP12: =AO12*6 -> 168 | AQ12: =IF(X12>0,10,0) -> 0 | AR12: =IF(X12>0,DATEDIF(X12,TODAY(),"m"),0) -> 0 | AS12: =AR12*6 -> 0 | AT12: =VLOOKUP(B12,经历时间!A:B,2,FALSE) -> 2335.41 | AU12: =IF(Q12>0,AT12*0.1,0) -> 233.541 | AV12: =IF(I12>0,DATEDIF(I12,TODAY(),"m"),0) -> 66 | AW12: 8.3 | AY12: =IFERROR(VLOOKUP(B12,'兼职+帮忙'!B:AF,28,FALSE),0) -> 192
A13: 259806 | B13: 全棣伟 | C13: =VLOOKUP(B13,'姓名+分部'!A:B,2,FALSE) -> 一分部 | D13: D | E13: =IF(Q13>0,RANK(Y13,Y$2:Y$133),"无排名") -> 17 | F13: =IF(AND(Y13>1000,Q13>0,T13>0,V13>0,AV13>48,AI13>3),"可流转","继续培训") -> 继续培训 | G13: =IF(N13>0,"不考核",IF(K13>0,"B",IF(I13>0,"A2",IF(I13=0,"学员",NA())))) -> 不考核 | H13: =_xlfn.IFS(N13>0,"完成考核",K13>0,K13+390,I13>0,I13+120) -> 完成考核 | I13: 44025 | J13: =IF($I13>0,IF(K13>0,DATEDIF(I13,K13,"m"),"未完成"),"学员") -> 6 | K13: 44212 | L13: =IF($I13>0,IF(N13>0,DATEDIF(I13,N13,"m"),"未完成"),"学员") -> 24 | M13: =IF($I13>0,IF(N13>0,DATEDIF(K13,N13,"m"),"未完成"),"学员") -> 17 | N13: 44757 | O13: =IF($I13>0,IF(Q13>0,DATEDIF(I13,Q13,"m"),"未完成"),"学员") -> 37 | P13: =IF($I13>0,IF(Q13>0,DATEDIF(N13,Q13,"m"),"未完成"),"学员") -> 13 | Q13: 45159 | R13: 45561 | S13: =IF($I13>0,IF(T13>0,DATEDIF(I13,T13,"m"),"未完成"),"学员") -> 21 | T13: 44681 | U13: =IF($I13>0,IF(V13>0,DATEDIF(I13,V13,"m"),"未完成"),"学员") -> 44 | V13: 45373 | W13: =IF($I13>0,IF(X13>0,DATEDIF(I13,X13,"m"),"未完成"),"学员") -> 未完成 | Y13: =AA13+AC13+AE13+AH13+AJ13+AM13+AP13+AS13+AW13+AX13+AY13+AU13 -> 915.726 | Z13: 是 | AA13: =IF(Z13="是",5,0) -> 5 | AB13: 是 | AC13: =IF(AB13="是",10,0) -> 10 | AD13: 是 | AE13: =IF(AD13="是",5,0) -> 5 | AF13: =COUNTA(K13,N13,Q13,R13)*10 -> 40 | AG13: =IF(N13>0,DATEDIF(N13,TODAY(),"m"),0) -> 42 | AH13: =AG13*3 -> 126 | AI13: =IF(Q13>0,DATEDIF(Q13,TODAY(),"m"),0) -> 28 | AJ13: =AI13*6 -> 168 | AK13: =IF(T13>0,10,0) -> 10 | AL13: =IF(T13>0,DATEDIF(T13,TODAY(),"m"),0) -> 44 | AM13: =AL13*6 -> 264 | AN13: =IF(V13>0,10,0) -> 10 | AO13: =IF(V13>0,DATEDIF(V13,TODAY(),"m"),0) -> 21 | AP13: =AO13*6 -> 126 | AQ13: =IF(X13>0,10,0) -> 0 | AR13: =IF(X13>0,DATEDIF(X13,TODAY(),"m"),0) -> 0 | AS13: =AR13*6 -> 0 | AT13: =VLOOKUP(B13,经历时间!A:B,2,FALSE) -> 2098.26 | AU13: =IF(Q13>0,AT13*0.1,0) -> 209.826 | AV13: =IF(I13>0,DATEDIF(I13,TODAY(),"m"),0) -> 66 | AW13: 1.9 | AY13: =IFERROR(VLOOKUP(B13,'兼职+帮忙'!B:AF,28,FALSE),0) -> 0
A14: 263416 | B14: 黄俊豪 | C14: =VLOOKUP(B14,'姓名+分部'!A:B,2,FALSE) -> 一分部 | D14: C | E14: =IF(Q14>0,RANK(Y14,Y$2:Y$133),"无排名") -> 20 | F14: =IF(AND(Y14>1000,Q14>0,T14>0,V14>0,AV14>48,AI14>3),"可流转","继续培训") -> 继续培训 | G14: =IF(N14>0,"不考核",IF(K14>0,"B",IF(I14>0,"A2",IF(I14=0,"学员",NA())))) -> 不考核 | H14: =_xlfn.IFS(N14>0,"完成考核",K14>0,K14+390,I14>0,I14+120) -> 完成考核 | I14: 44416 | J14: =IF($I14>0,IF(K14>0,DATEDIF(I14,K14,"m"),"未完成"),"学员") -> 5 | K14: 44589 | L14: =IF($I14>0,IF(N14>0,DATEDIF(I14,N14,"m"),"未完成"),"学员") -> 26 | M14: =IF($I14>0,IF(N14>0,DATEDIF(K14,N14,"m"),"未完成"),"学员") -> 20 | N14: 45220 | O14: =IF($I14>0,IF(Q14>0,DATEDIF(I14,Q14,"m"),"未完成"),"学员") -> 42 | P14: =IF($I14>0,IF(Q14>0,DATEDIF(N14,Q14,"m"),"未完成"),"学员") -> 16 | Q14: 45714 | S14: =IF($I14>0,IF(T14>0,DATEDIF(I14,T14,"m"),"未完成"),"学员") -> 19 | T14: 45009 | U14: =IF($I14>0,IF(V14>0,DATEDIF(I14,V14,"m"),"未完成"),"学员") -> 36 | V14: 45512 | W14: =IF($I14>0,IF(X14>0,DATEDIF(I14,X14,"m"),"未完成"),"学员") -> 未完成 | Y14: =AA14+AC14+AE14+AH14+AJ14+AM14+AP14+AS14+AW14+AX14+AY14+AU14 -> 830.419 | Z14: 是 | AA14: =IF(Z14="是",5,0) -> 5 | AB14: 是 | AC14: =IF(AB14="是",10,0) -> 10 | AD14: 是 | AE14: =IF(AD14="是",5,0) -> 5 | AF14: =COUNTA(K14,N14,Q14,R14)*10 -> 30 | AG14: =IF(N14>0,DATEDIF(N14,TODAY(),"m"),0) -> 26 | AH14: =AG14*3 -> 78 | AI14: =IF(Q14>0,DATEDIF(Q14,TODAY(),"m"),0) -> 10 | AJ14: =AI14*6 -> 60 | AK14: =IF(T14>0,10,0) -> 10 | AL14: =IF(T14>0,DATEDIF(T14,TODAY(),"m"),0) -> 33 | AM14: =AL14*6 -> 198 | AN14: =IF(V14>0,10,0) -> 10 | AO14: =IF(V14>0,DATEDIF(V14,TODAY(),"m"),0) -> 17 | AP14: =AO14*6 -> 102 | AQ14: =IF(X14>0,10,0) -> 0 | AR14: =IF(X14>0,DATEDIF(X14,TODAY(),"m"),0) -> 0 | AS14: =AR14*6 -> 0 | AT14: =VLOOKUP(B14,经历时间!A:B,2,FALSE) -> 2074.19 | AU14: =IF(Q14>0,AT14*0.1,0) -> 207.419 | AV14: =IF(I14>0,DATEDIF(I14,TODAY(),"m"),0) -> 53 | AW14: 21.5 | AX14: -5 | AY14: =IFERROR(VLOOKUP(B14,'兼职+帮忙'!B:AF,28,FALSE),0) -> 148.5
A15: 251924 | B15: 覃盼阳 | C15: =VLOOKUP(B15,'姓名+分部'!A:B,2,FALSE) -> 一分部 | D15: C | E15: =IF(Q15>0,RANK(Y15,Y$2:Y$133),"无排名") -> 13 | F15: =IF(AND(Y15>1000,Q15>0,T15>0,V15>0,AV15>48,AI15>3),"可流转","继续培训") -> 可流转 | G15: =IF(N15>0,"不考核",IF(K15>0,"B",IF(I15>0,"A2",IF(I15=0,"学员",NA())))) -> 不考核 | H15: =_xlfn.IFS(N15>0,"完成考核",K15>0,K15+390,I15>0,I15+120) -> 完成考核 | I15: 43825 | J15: =IF($I15>0,IF(K15>0,DATEDIF(I15,K15,"m"),"未完成"),"学员") -> 6 | K15: 44031 | L15: =IF($I15>0,IF(N15>0,DATEDIF(I15,N15,"m"),"未完成"),"学员") -> 30 | M15: =IF($I15>0,IF(N15>0,DATEDIF(K15,N15,"m"),"未完成"),"学员") -> 23 | N15: 44752 | O15: =IF($I15>0,IF(Q15>0,DATEDIF(I15,Q15,"m"),"未完成"),"学员") -> 39 | P15: =IF($I15>0,IF(Q15>0,DATEDIF(N15,Q15,"m"),"未完成"),"学员") -> 8 | Q15: 45017 | S15: =IF($I15>0,IF(T15>0,DATEDIF(I15,T15,"m"),"未完成"),"学员") -> 41 | T15: 45085 | U15: =IF($I15>0,IF(V15>0,DATEDIF(I15,V15,"m"),"未完成"),"学员") -> 41 | V15: 45085 | W15: =IF($I15>0,IF(X15>0,DATEDIF(I15,X15,"m"),"未完成"),"学员") -> 61 | X15: 45703 | Y15: =AA15+AC15+AE15+AH15+AJ15+AM15+AP15+AS15+AW15+AX15+AY15+AU15 -> 1041.443 | Z15: 是 | AA15: =IF(Z15="是",5,0) -> 5 | AB15: 是 | AC15: =IF(AB15="是",10,0) -> 10 | AD15: 是 | AE15: =IF(AD15="是",5,0) -> 5 | AF15: =COUNTA(K15,N15,Q15,R15)*10 -> 30 | AG15: =IF(N15>0,DATEDIF(N15,TODAY(),"m"),0) -> 42 | AH15: =AG15*3 -> 126 | AI15: =IF(Q15>0,DATEDIF(Q15,TODAY(),"m"),0) -> 33 | AJ15: =AI15*6 -> 198 | AK15: =IF(T15>0,10,0) -> 10 | AL15: =IF(T15>0,DATEDIF(T15,TODAY(),"m"),0) -> 31 | AM15: =AL15*6 -> 186 | AN15: =IF(V15>0,10,0) -> 10 | AO15: =IF(V15>0,DATEDIF(V15,TODAY(),"m"),0) -> 31 | AP15: =AO15*6 -> 186 | AQ15: =IF(X15>0,10,0) -> 10 | AR15: =IF(X15>0,DATEDIF(X15,TODAY(),"m"),0) -> 11 | AS15: =AR15*6 -> 66 | AT15: =VLOOKUP(B15,经历时间!A:B,2,FALSE) -> 2559.43 | AU15: =IF(Q15>0,AT15*0.1,0) -> 255.943 | AV15: =IF(I15>0,DATEDIF(I15,TODAY(),"m"),0) -> 72 | AW15: 3.5 | AY15: =IFERROR(VLOOKUP(B15,'兼职+帮忙'!B:AF,28,FALSE),0) -> 0
A16: 265801 | B16: 刘展亮 | C16: =VLOOKUP(B16,'姓名+分部'!A:B,2,FALSE) -> 二分部 | D16: C | E16: =IF(Q16>0,RANK(Y16,Y$2:Y$133),"无排名") -> 21 | F16: =IF(AND(Y16>1000,Q16>0,T16>0,V16>0,AV16>48,AI16>3),"可流转","继续培训") -> 继续培训 | G16: =IF(N16>0,"不考核",IF(K16>0,"B",IF(I16>0,"A2",IF(I16=0,"学员",NA())))) -> 不考核 | H16: =_xlfn.IFS(N16>0,"完成考核",K16>0,K16+390,I16>0,I16+120) -> 完成考核 | I16: 44421 | J16: =IF($I16>0,IF(K16>0,DATEDIF(I16,K16,"m"),"未完成"),"学员") -> 19 | K16: 45009 | L16: =IF($I16>0,IF(N16>0,DATEDIF(I16,N16,"m"),"未完成"),"学员") -> 29 | M16: =IF($I16>0,IF(N16>0,DATEDIF(K16,N16,"m"),"未完成"),"学员") -> 10 | N16: 45327 | O16: =IF($I16>0,IF(Q16>0,DATEDIF(I16,Q16,"m"),"未完成"),"学员") -> 42 | P16: =IF($I16>0,IF(Q16>0,DATEDIF(N16,Q16,"m"),"未完成"),"学员") -> 13 | Q16: 45727 | S16: =IF($I16>0,IF(T16>0,DATEDIF(I16,T16,"m"),"未完成"),"学员") -> 22 | T16: 45112 | U16: =IF($I16>0,IF(V16>0,DATEDIF(I16,V16,"m"),"未完成"),"学员") -> 28 | V16: 45286 | W16: =IF($I16>0,IF(X16>0,DATEDIF(I16,X16,"m"),"未完成"),"学员") -> 42 | X16: 45709 | Y16: =AA16+AC16+AE16+AH16+AJ16+AM16+AP16+AS16+AW16+AX16+AY16+AU16 -> 744.155 | Z16: 是 | AA16: =IF(Z16="是",5,0) -> 5 | AB16: 是 | AC16: =IF(AB16="是",10,0) -> 10 | AD16: 是 | AE16: =IF(AD16="是",5,0) -> 5 | AF16: =COUNTA(K16,N16,Q16,R16)*10 -> 30 | AG16: =IF(N16>0,DATEDIF(N16,TODAY(),"m"),0) -> 23 | AH16: =AG16*3 -> 69 | AI16: =IF(Q16>0,DATEDIF(Q16,TODAY(),"m"),0) -> 10 | AJ16: =AI16*6 -> 60 | AK16: =IF(T16>0,10,0) -> 10 | AL16: =IF(T16>0,DATEDIF(T16,TODAY(),"m"),0) -> 30 | AM16: =AL16*6 -> 180 | AN16: =IF(V16>0,10,0) -> 10 | AO16: =IF(V16>0,DATEDIF(V16,TODAY(),"m"),0) -> 24 | AP16: =AO16*6 -> 144 | AQ16: =IF(X16>0,10,0) -> 10 | AR16: =IF(X16>0,DATEDIF(X16,TODAY(),"m"),0) -> 10 | AS16: =AR16*6 -> 60 | AT16: =VLOOKUP(B16,经历时间!A:B,2,FALSE) -> 1994.55 | AU16: =IF(Q16>0,AT16*0.1,0) -> 199.455 | AV16: =IF(I16>0,DATEDIF(I16,TODAY(),"m"),0) -> 53 | AW16: 7.7 | AY16: =IFERROR(VLOOKUP(B16,'兼职+帮忙'!B:AF,28,FALSE),0) -> 4
A17: 248322 | B17: 沙思丞 | C17: =VLOOKUP(B17,'姓名+分部'!A:B,2,FALSE) -> 一分部 | D17: C | E17: =IF(Q17>0,RANK(Y17,Y$2:Y$133),"无排名") -> 19 | F17: =IF(AND(Y17>1000,Q17>0,T17>0,V17>0,AV17>48,AI17>3),"可流转","继续培训") -> 继续培训 | G17: =IF(N17>0,"不考核",IF(K17>0,"B",IF(I17>0,"A2",IF(I17=0,"学员",NA())))) -> 不考核 | H17: =_xlfn.IFS(N17>0,"完成考核",K17>0,K17+390,I17>0,I17+120) -> 完成考核 | I17: 43664 | J17: =IF($I17>0,IF(K17>0,DATEDIF(I17,K17,"m"),"未完成"),"学员") -> 1 | K17: 43697 | L17: =IF($I17>0,IF(N17>0,DATEDIF(I17,N17,"m"),"未完成"),"学员") -> 26 | M17: =IF($I17>0,IF(N17>0,DATEDIF(K17,N17,"m"),"未完成"),"学员") -> 24 | N17: 44457 | O17: =IF($I17>0,IF(Q17>0,DATEDIF(I17,Q17,"m"),"未完成"),"学员") -> 59 | P17: =IF($I17>0,IF(Q17>0,DATEDIF(N17,Q17,"m"),"未完成"),"学员") -> 33 | Q17: 45467 | S17: =IF($I17>0,IF(T17>0,DATEDIF(I17,T17,"m"),"未完成"),"学员") -> 42 | T17: 44958 | U17: =IF($I17>0,IF(V17>0,DATEDIF(I17,V17,"m"),"未完成"),"学员") -> 57 | V17: 45406 | W17: =IF($I17>0,IF(X17>0,DATEDIF(I17,X17,"m"),"未完成"),"学员") -> 未完成 | Y17: =AA17+AC17+AE17+AH17+AJ17+AM17+AP17+AS17+AW17+AX17+AY17+AU17 -> 870.517 | Z17: 是 | AA17: =IF(Z17="是",5,0) -> 5 | AB17: 是 | AC17: =IF(AB17="是",10,0) -> 10 | AD17: 是 | AE17: =IF(AD17="是",5,0) -> 5 | AF17: =COUNTA(K17,N17,Q17,R17)*10 -> 30 | AG17: =IF(N17>0,DATEDIF(N17,TODAY(),"m"),0) -> 51 | AH17: =AG17*3 -> 153 | AI17: =IF(Q17>0,DATEDIF(Q17,TODAY(),"m"),0) -> 18 | AJ17: =AI17*6 -> 108 | AK17: =IF(T17>0,10,0) -> 10 | AL17: =IF(T17>0,DATEDIF(T17,TODAY(),"m"),0) -> 35 | AM17: =AL17*6 -> 210 | AN17: =IF(V17>0,10,0) -> 10 | AO17: =IF(V17>0,DATEDIF(V17,TODAY(),"m"),0) -> 20 | AP17: =AO17*6 -> 120 | AQ17: =IF(X17>0,10,0) -> 0 | AR17: =IF(X17>0,DATEDIF(X17,TODAY(),"m"),0) -> 0 | AS17: =AR17*6 -> 0 | AT17: =VLOOKUP(B17,经历时间!A:B,2,FALSE) -> 2640.17 | AU17: =IF(Q17>0,AT17*0.1,0) -> 264.017 | AV17: =IF(I17>0,DATEDIF(I17,TODAY(),"m"),0) -> 77 | AW17: -4.5 | AY17: =IFERROR(VLOOKUP(B17,'兼职+帮忙'!B:AF,28,FALSE),0) -> 0
A18: 257606 | B18: 陈伟雄 | C18: =VLOOKUP(B18,'姓名+分部'!A:B,2,FALSE) -> 二分部 | D18: C | E18: =IF(Q18>0,RANK(Y18,Y$2:Y$133),"无排名") -> 16 | F18: =IF(AND(Y18>1000,Q18>0,T18>0,V18>0,AV18>48,AI18>3),"可流转","继续培训") -> 可流转 | G18: =IF(N18>0,"不考核",IF(K18>0,"B",IF(I18>0,"A2",IF(I18=0,"学员",NA())))) -> 不考核 | H18: =_xlfn.IFS(N18>0,"完成考核",K18>0,K18+390,I18>0,I18+120) -> 完成考核 | I18: 43865 | J18: =IF($I18>0,IF(K18>0,DATEDIF(I18,K18,"m"),"未完成"),"学员") -> 9 | K18: 44142 | L18: =IF($I18>0,IF(N18>0,DATEDIF(I18,N18,"m"),"未完成"),"学员") -> 28 | M18: =IF($I18>0,IF(N18>0,DATEDIF(K18,N18,"m"),"未完成"),"学员") -> 19 | N18: 44745 | O18: =IF($I18>0,IF(Q18>0,DATEDIF(I18,Q18,"m"),"未完成"),"学员") -> 42 | P18: =IF($I18>0,IF(Q18>0,DATEDIF(N18,Q18,"m"),"未完成"),"学员") -> 13 | Q18: 45169 | S18: =IF($I18>0,IF(T18>0,DATEDIF(I18,T18,"m"),"未完成"),"学员") -> 27 | T18: 44687 | U18: =IF($I18>0,IF(V18>0,DATEDIF(I18,V18,"m"),"未完成"),"学员") -> 39 | V18: 45075 | W18: =IF($I18>0,IF(X18>0,DATEDIF(I18,X18,"m"),"未完成"),"学员") -> 未完成 | Y18: =AA18+AC18+AE18+AH18+AJ18+AM18+AP18+AS18+AW18+AX18+AY18+AU18 -> 1010.237 | Z18: 是 | AA18: =IF(Z18="是",5,0) -> 5 | AB18: 是 | AC18: =IF(AB18="是",10,0) -> 10 | AD18: 是 | AE18: =IF(AD18="是",5,0) -> 5 | AF18: =COUNTA(K18,N18,Q18,R18)*10 -> 30 | AG18: =IF(N18>0,DATEDIF(N18,TODAY(),"m"),0) -> 42 | AH18: =AG18*3 -> 126 | AI18: =IF(Q18>0,DATEDIF(Q18,TODAY(),"m"),0) -> 28 | AJ18: =AI18*6 -> 168 | AK18: =IF(T18>0,10,0) -> 10 | AL18: =IF(T18>0,DATEDIF(T18,TODAY(),"m"),0) -> 44 | AM18: =AL18*6 -> 264 | AN18: =IF(V18>0,10,0) -> 10 | AO18: =IF(V18>0,DATEDIF(V18,TODAY(),"m"),0) -> 31 | AP18: =AO18*6 -> 186 | AQ18: =IF(X18>0,10,0) -> 0 | AR18: =IF(X18>0,DATEDIF(X18,TODAY(),"m"),0) -> 0 | AS18: =AR18*6 -> 0 | AT18: =VLOOKUP(B18,经历时间!A:B,2,FALSE) -> 2342.37 | AU18: =IF(Q18>0,AT18*0.1,0) -> 234.237 | AV18: =IF(I18>0,DATEDIF(I18,TODAY(),"m"),0) -> 71 | AW18: 7 | AY18: =IFERROR(VLOOKUP(B18,'兼职+帮忙'!B:AF,28,FALSE),0) -> 5
A19: 240677 | B19: 吴润雨 | C19: =VLOOKUP(B19,'姓名+分部'!A:B,2,FALSE) -> 二分部 | D19: D | E19: =IF(Q19>0,RANK(Y19,Y$2:Y$133),"无排名") -> 7 | F19: =IF(AND(Y19>1000,Q19>0,T19>0,V19>0,AV19>48,AI19>3),"可流转","继续培训") -> 可流转 | G19: =IF(N19>0,"不考核",IF(K19>0,"B",IF(I19>0,"A2",IF(I19=0,"学员",NA())))) -> 不考核 | H19: =_xlfn.IFS(N19>0,"完成考核",K19>0,K19+390,I19>0,I19+120) -> 完成考核 | I19: 43480 | J19: =IF($I19>0,IF(K19>0,DATEDIF(I19,K19,"m"),"未完成"),"学员") -> 2 | K19: 43553 | L19: =IF($I19>0,IF(N19>0,DATEDIF(I19,N19,"m"),"未完成"),"学员") -> 18 | M19: =IF($I19>0,IF(N19>0,DATEDIF(K19,N19,"m"),"未完成"),"学员") -> 15 | N19: 44035 | O19: =IF($I19>0,IF(Q19>0,DATEDIF(I19,Q19,"m"),"未完成"),"学员") -> 44 | P19: =IF($I19>0,IF(Q19>0,DATEDIF(N19,Q19,"m"),"未完成"),"学员") -> 26 | Q19: 44835 | R19: 45441 | S19: =IF($I19>0,IF(T19>0,DATEDIF(I19,T19,"m"),"未完成"),"学员") -> 18 | T19: 44046 | U19: =IF($I19>0,IF(V19>0,DATEDIF(I19,V19,"m"),"未完成"),"学员") -> 16 | V19: 43993 | W19: =IF($I19>0,IF(X19>0,DATEDIF(I19,X19,"m"),"未完成"),"学员") -> 69 | X19: 45597 | Y19: =AA19+AC19+AE19+AH19+AJ19+AM19+AP19+AS19+AW19+AX19+AY19+AU19 -> 1628.713 | Z19: 是 | AA19: =IF(Z19="是",5,0) -> 5 | AB19: 是 | AC19: =IF(AB19="是",10,0) -> 10 | AD19: 是 | AE19: =IF(AD19="是",5,0) -> 5 | AF19: =COUNTA(K19,N19,Q19,R19)*10 -> 40 | AG19: =IF(N19>0,DATEDIF(N19,TODAY(),"m"),0) -> 65 | AH19: =AG19*3 -> 195 | AI19: =IF(Q19>0,DATEDIF(Q19,TODAY(),"m"),0) -> 39 | AJ19: =AI19*6 -> 234 | AK19: =IF(T19>0,10,0) -> 10 | AL19: =IF(T19>0,DATEDIF(T19,TODAY(),"m"),0) -> 65 | AM19: =AL19*6 -> 390 | AN19: =IF(V19>0,10,0) -> 10 | AO19: =IF(V19>0,DATEDIF(V19,TODAY(),"m"),0) -> 67 | AP19: =AO19*6 -> 402 | AQ19: =IF(X19>0,10,0) -> 10 | AR19: =IF(X19>0,DATEDIF(X19,TODAY(),"m"),0) -> 14 | AS19: =AR19*6 -> 84 | AT19: =VLOOKUP(B19,经历时间!A:B,2,FALSE) -> 3037.13 | AU19: =IF(Q19>0,AT19*0.1,0) -> 303.713 | AV19: =IF(I19>0,DATEDIF(I19,TODAY(),"m"),0) -> 84 | AW19: 0 | AY19: =IFERROR(VLOOKUP(B19,'兼职+帮忙'!B:AF,28,FALSE),0) -> 0
A20: 248319 | B20: 吴振鹏 | C20: =VLOOKUP(B20,'姓名+分部'!A:B,2,FALSE) -> 一分部 | D20: C | E20: =IF(Q20>0,RANK(Y20,Y$2:Y$133),"无排名") -> 15 | F20: =IF(AND(Y20>1000,Q20>0,T20>0,V20>0,AV20>48,AI20>3),"可流转","继续培训") -> 可流转 | G20: =IF(N20>0,"不考核",IF(K20>0,"B",IF(I20>0,"A2",IF(I20=0,"学员",NA())))) -> 不考核 | H20: =_xlfn.IFS(N20>0,"完成考核",K20>0,K20+390,I20>0,I20+120) -> 完成考核 | I20: 43782 | J20: =IF($I20>0,IF(K20>0,DATEDIF(I20,K20,"m"),"未完成"),"学员") -> 4 | K20: 43913 | L20: =IF($I20>0,IF(N20>0,DATEDIF(I20,N20,"m"),"未完成"),"学员") -> 24 | M20: =IF($I20>0,IF(N20>0,DATEDIF(K20,N20,"m"),"未完成"),"学员") -> 20 | N20: 44529 | O20: =IF($I20>0,IF(Q20>0,DATEDIF(I20,Q20,"m"),"未完成"),"学员") -> 57 | P20: =IF($I20>0,IF(Q20>0,DATEDIF(N20,Q20,"m"),"未完成"),"学员") -> 32 | Q20: 45520 | S20: =IF($I20>0,IF(T20>0,DATEDIF(I20,T20,"m"),"未完成"),"学员") -> 30 | T20: 44699 | U20: =IF($I20>0,IF(V20>0,DATEDIF(I20,V20,"m"),"未完成"),"学员") -> 44 | V20: 45126 | W20: =IF($I20>0,IF(X20>0,DATEDIF(I20,X20,"m"),"未完成"),"学员") -> 63 | X20: 45704 | Y20: =AA20+AC20+AE20+AH20+AJ20+AM20+AP20+AS20+AW20+AX20+AY20+AU20 -> 1025.429 | Z20: 是 | AA20: =IF(Z20="是",5,0) -> 5 | AB20: 是 | AC20: =IF(AB20="是",10,0) -> 10 | AD20: 是 | AE20: =IF(AD20="是",5,0) -> 5 | AF20: =COUNTA(K20,N20,Q20,R20)*10 -> 30 | AG20: =IF(N20>0,DATEDIF(N20,TODAY(),"m"),0) -> 49 | AH20: =AG20*3 -> 147 | AI20: =IF(Q20>0,DATEDIF(Q20,TODAY(),"m"),0) -> 17 | AJ20: =AI20*6 -> 102 | AK20: =IF(T20>0,10,0) -> 10 | AL20: =IF(T20>0,DATEDIF(T20,TODAY(),"m"),0) -> 43 | AM20: =AL20*6 -> 258 | AN20: =IF(V20>0,10,0) -> 10 | AO20: =IF(V20>0,DATEDIF(V20,TODAY(),"m"),0) -> 29 | AP20: =AO20*6 -> 174 | AQ20: =IF(X20>0,10,0) -> 10 | AR20: =IF(X20>0,DATEDIF(X20,TODAY(),"m"),0) -> 11 | AS20: =AR20*6 -> 66 | AT20: =VLOOKUP(B20,经历时间!A:B,2,FALSE) -> 2630.29 | AU20: =IF(Q20>0,AT20*0.1,0) -> 263.029 | AV20: =IF(I20>0,DATEDIF(I20,TODAY(),"m"),0) -> 74 | AW20: -4.6 | AY20: =IFERROR(VLOOKUP(B20,'兼职+帮忙'!B:AF,28,FALSE),0) -> 0
A21: 236217 | B21: 李泰成 | C21: =VLOOKUP(B21,'姓名+分部'!A:B,2,FALSE) -> 三分部 | D21: D | E21: =IF(Q21>0,RANK(Y21,Y$2:Y$133),"无排名") -> 6 | F21: =IF(AND(Y21>1000,Q21>0,T21>0,V21>0,AV21>48,AI21>3),"可流转","继续培训") -> 可流转 | G21: =IF(N21>0,"不考核",IF(K21>0,"B",IF(I21>0,"A2",IF(I21=0,"学员",NA())))) -> 不考核 | H21: =_xlfn.IFS(N21>0,"完成考核",K21>0,K21+390,I21>0,I21+120) -> 完成考核 | I21: 43053 | J21: =IF($I21>0,IF(K21>0,DATEDIF(I21,K21,"m"),"未完成"),"学员") -> 4 | K21: 43198 | L21: =IF($I21>0,IF(N21>0,DATEDIF(I21,N21,"m"),"未完成"),"学员") -> 35 | M21: =IF($I21>0,IF(N21>0,DATEDIF(K21,N21,"m"),"未完成"),"学员") -> 30 | N21: 44124 | O21: =IF($I21>0,IF(Q21>0,DATEDIF(I21,Q21,"m"),"未完成"),"学员") -> 65 | P21: =IF($I21>0,IF(Q21>0,DATEDIF(N21,Q21,"m"),"未完成"),"学员") -> 30 | Q21: 45036 | R21: 45750 | S21: =IF($I21>0,IF(T21>0,DATEDIF(I21,T21,"m"),"未完成"),"学员") -> 28 | T21: 43932 | U21: =IF($I21>0,IF(V21>0,DATEDIF(I21,V21,"m"),"未完成"),"学员") -> 23 | V21: 43767 | W21: =IF($I21>0,IF(X21>0,DATEDIF(I21,X21,"m"),"未完成"),"学员") -> 84 | X21: 45629 | Y21: =AA21+AC21+AE21+AH21+AJ21+AM21+AP21+AS21+AW21+AX21+AY21+AU21 -> 1714.3 | Z21: 是 | AA21: =IF(Z21="是",5,0) -> 5 | AB21: 是 | AC21: =IF(AB21="是",10,0) -> 10 | AD21: 是 | AE21: =IF(AD21="是",5,0) -> 5 | AF21: =COUNTA(K21,N21,Q21,R21)*10 -> 40 | AG21: =IF(N21>0,DATEDIF(N21,TODAY(),"m"),0) -> 62 | AH21: =AG21*3 -> 186 | AI21: =IF(Q21>0,DATEDIF(Q21,TODAY(),"m"),0) -> 32 | AJ21: =AI21*6 -> 192 | AK21: =IF(T21>0,10,0) -> 10 | AL21: =IF(T21>0,DATEDIF(T21,TODAY(),"m"),0) -> 69 | AM21: =AL21*6 -> 414 | AN21: =IF(V21>0,10,0) -> 10 | AO21: =IF(V21>0,DATEDIF(V21,TODAY(),"m"),0) -> 74 | AP21: =AO21*6 -> 444 | AQ21: =IF(X21>0,10,0) -> 10 | AR21: =IF(X21>0,DATEDIF(X21,TODAY(),"m"),0) -> 13 | AS21: =AR21*6 -> 78 | AT21: =VLOOKUP(B21,经历时间!A:B,2,FALSE) -> 3363 | AU21: =IF(Q21>0,AT21*0.1,0) -> 336.3 | AV21: =IF(I21>0,DATEDIF(I21,TODAY(),"m"),0) -> 98 | AW21: 32 | AY21: =IFERROR(VLOOKUP(B21,'兼职+帮忙'!B:AF,28,FALSE),0) -> 12
A22: 257603 | B22: 李少钦 | C22: =VLOOKUP(B22,'姓名+分部'!A:B,2,FALSE) -> 三分部 | D22: C | E22: =IF(Q22>0,RANK(Y22,Y$2:Y$133),"无排名") -> 23 | F22: =IF(AND(Y22>1000,Q22>0,T22>0,V22>0,AV22>48,AI22>3),"可流转","继续培训") -> 继续培训 | G22: =IF(N22>0,"不考核",IF(K22>0,"B",IF(I22>0,"A2",IF(I22=0,"学员",NA())))) -> 不考核 | H22: =_xlfn.IFS(N22>0,"完成考核",K22>0,K22+390,I22>0,I22+120) -> 完成考核 | I22: 43902 | J22: =IF($I22>0,IF(K22>0,DATEDIF(I22,K22,"m"),"未完成"),"学员") -> 10 | K22: 44230 | L22: =IF($I22>0,IF(N22>0,DATEDIF(I22,N22,"m"),"未完成"),"学员") -> 43 | M22: =IF($I22>0,IF(N22>0,DATEDIF(K22,N22,"m"),"未完成"),"学员") -> 32 | N22: 45215 | O22: =IF($I22>0,IF(Q22>0,DATEDIF(I22,Q22,"m"),"未完成"),"学员") -> 61 | P22: =IF($I22>0,IF(Q22>0,DATEDIF(N22,Q22,"m"),"未完成"),"学员") -> 18 | Q22: 45777 | S22: =IF($I22>0,IF(T22>0,DATEDIF(I22,T22,"m"),"未完成"),"学员") -> 37 | T22: 45050 | U22: =IF($I22>0,IF(V22>0,DATEDIF(I22,V22,"m"),"未完成"),"学员") -> 55 | V22: 45605 | W22: =IF($I22>0,IF(X22>0,DATEDIF(I22,X22,"m"),"未完成"),"学员") -> 未完成 | Y22: =AA22+AC22+AE22+AH22+AJ22+AM22+AP22+AS22+AW22+AX22+AY22+AU22 -> 691.242 | Z22: 是 | AA22: =IF(Z22="是",5,0) -> 5 | AB22: 是 | AC22: =IF(AB22="是",10,0) -> 10 | AD22: 是 | AE22: =IF(AD22="是",5,0) -> 5 | AF22: =COUNTA(K22,N22,Q22,R22)*10 -> 30 | AG22: =IF(N22>0,DATEDIF(N22,TODAY(),"m"),0) -> 27 | AH22: =AG22*3 -> 81 | AI22: =IF(Q22>0,DATEDIF(Q22,TODAY(),"m"),0) -> 8 | AJ22: =AI22*6 -> 48 | AK22: =IF(T22>0,10,0) -> 10 | AL22: =IF(T22>0,DATEDIF(T22,TODAY(),"m"),0) -> 32 | AM22: =AL22*6 -> 192 | AN22: =IF(V22>0,10,0) -> 10 | AO22: =IF(V22>0,DATEDIF(V22,TODAY(),"m"),0) -> 14 | AP22: =AO22*6 -> 84 | AQ22: =IF(X22>0,10,0) -> 0 | AR22: =IF(X22>0,DATEDIF(X22,TODAY(),"m"),0) -> 0 | AS22: =AR22*6 -> 0 | AT22: =VLOOKUP(B22,经历时间!A:B,2,FALSE) -> 2452.42 | AU22: =IF(Q22>0,AT22*0.1,0) -> 245.242 | AV22: =IF(I22>0,DATEDIF(I22,TODAY(),"m"),0) -> 70 | AW22: 18 | AX22: -5 | AY22: =IFERROR(VLOOKUP(B22,'兼职+帮忙'!B:AF,28,FALSE),0) -> 8
A23: 253772 | B23: 温健 | C23: =VLOOKUP(B23,'姓名+分部'!A:B,2,FALSE) -> 三分部 | D23: C | E23: =IF(Q23>0,RANK(Y23,Y$2:Y$133),"无排名") -> 25 | F23: =IF(AND(Y23>1000,Q23>0,T23>0,V23>0,AV23>48,AI23>3),"可流转","继续培训") -> 继续培训 | G23: =IF(N23>0,"不考核",IF(K23>0,"B",IF(I23>0,"A2",IF(I23=0,"学员",NA())))) -> 不考核 | H23: =_xlfn.IFS(N23>0,"完成考核",K23>0,K23+390,I23>0,I23+120) -> 完成考核 | I23: 43830 | J23: =IF($I23>0,IF(K23>0,DATEDIF(I23,K23,"m"),"未完成"),"学员") -> 11 | K23: 44190 | L23: =IF($I23>0,IF(N23>0,DATEDIF(I23,N23,"m"),"未完成"),"学员") -> 60 | M23: =IF($I23>0,IF(N23>0,DATEDIF(K23,N23,"m"),"未完成"),"学员") -> 48 | N23: 45679 | O23: =IF($I23>0,IF(Q23>0,DATEDIF(I23,Q23,"m"),"未完成"),"学员") -> 66 | P23: =IF($I23>0,IF(Q23>0,DATEDIF(N23,Q23,"m"),"未完成"),"学员") -> 5 | Q23: 45839 | S23: =IF($I23>0,IF(T23>0,DATEDIF(I23,T23,"m"),"未完成"),"学员") -> 38 | T23: 45009 | U23: =IF($I23>0,IF(V23>0,DATEDIF(I23,V23,"m"),"未完成"),"学员") -> 48 | V23: 45302 | W23: =IF($I23>0,IF(X23>0,DATEDIF(I23,X23,"m"),"未完成"),"学员") -> 未完成 | Y23: =AA23+AC23+AE23+AH23+AJ23+AM23+AP23+AS23+AW23+AX23+AY23+AU23 -> 659.802 | Z23: 是 | AA23: =IF(Z23="是",5,0) -> 5 | AB23: 是 | AC23: =IF(AB23="是",10,0) -> 10 | AD23: 是 | AE23: =IF(AD23="是",5,0) -> 5 | AF23: =COUNTA(K23,N23,Q23,R23)*10 -> 30 | AG23: =IF(N23>0,DATEDIF(N23,TODAY(),"m"),0) -> 11 | AH23: =AG23*3 -> 33 | AI23: =IF(Q23>0,DATEDIF(Q23,TODAY(),"m"),0) -> 6 | AJ23: =AI23*6 -> 36 | AK23: =IF(T23>0,10,0) -> 10 | AL23: =IF(T23>0,DATEDIF(T23,TODAY(),"m"),0) -> 33 | AM23: =AL23*6 -> 198 | AN23: =IF(V23>0,10,0) -> 10 | AO23: =IF(V23>0,DATEDIF(V23,TODAY(),"m"),0) -> 24 | AP23: =AO23*6 -> 144 | AQ23: =IF(X23>0,10,0) -> 0 | AR23: =IF(X23>0,DATEDIF(X23,TODAY(),"m"),0) -> 0 | AS23: =AR23*6 -> 0 | AT23: =VLOOKUP(B23,经历时间!A:B,2,FALSE) -> 2287.02 | AU23: =IF(Q23>0,AT23*0.1,0) -> 228.702 | AV23: =IF(I23>0,DATEDIF(I23,TODAY(),"m"),0) -> 72 | AW23: 0.1 | AY23: =IFERROR(VLOOKUP(B23,'兼职+帮忙'!B:AF,28,FALSE),0) -> 0
A24: 230397 | B24: 谢旭纬 | C24: =VLOOKUP(B24,'姓名+分部'!A:B,2,FALSE) -> 二分部 | D24: C | E24: =IF(Q24>0,RANK(Y24,Y$2:Y$133),"无排名") -> 9 | F24: =IF(AND(Y24>1000,Q24>0,T24>0,V24>0,AV24>48,AI24>3),"可流转","继续培训") -> 可流转 | G24: =IF(N24>0,"不考核",IF(K24>0,"B",IF(I24>0,"A2",IF(I24=0,"学员",NA())))) -> 不考核 | H24: =_xlfn.IFS(N24>0,"完成考核",K24>0,K24+390,I24>0,I24+120) -> 完成考核 | I24: 43734 | J24: =IF($I24>0,IF(K24>0,DATEDIF(I24,K24,"m"),"未完成"),"学员") -> 0 | K24: 43760 | L24: =IF($I24>0,IF(N24>0,DATEDIF(I24,N24,"m"),"未完成"),"学员") -> 32 | M24: =IF($I24>0,IF(N24>0,DATEDIF(K24,N24,"m"),"未完成"),"学员") -> 31 | N24: 44716 | O24: =IF($I24>0,IF(Q24>0,DATEDIF(I24,Q24,"m"),"未完成"),"学员") -> 47 | P24: =IF($I24>0,IF(Q24>0,DATEDIF(N24,Q24,"m"),"未完成"),"学员") -> 14 | Q24: 45170 | S24: =IF($I24>0,IF(T24>0,DATEDIF(I24,T24,"m"),"未完成"),"学员") -> 30 | T24: 44667 | U24: =IF($I24>0,IF(V24>0,DATEDIF(I24,V24,"m"),"未完成"),"学员") -> 16 | V24: 44247 | W24: =IF($I24>0,IF(X24>0,DATEDIF(I24,X24,"m"),"未完成"),"学员") -> 未完成 | Y24: =AA24+AC24+AE24+AH24+AJ24+AM24+AP24+AS24+AW24+AX24+AY24+AU24 -> 1223.804 | Z24: 是 | AA24: =IF(Z24="是",5,0) -> 5 | AB24: 是 | AC24: =IF(AB24="是",10,0) -> 10 | AD24: 是 | AE24: =IF(AD24="是",5,0) -> 5 | AF24: =COUNTA(K24,N24,Q24,R24)*10 -> 30 | AG24: =IF(N24>0,DATEDIF(N24,TODAY(),"m"),0) -> 43 | AH24: =AG24*3 -> 129 | AI24: =IF(Q24>0,DATEDIF(Q24,TODAY(),"m"),0) -> 28 | AJ24: =AI24*6 -> 168 | AK24: =IF(T24>0,10,0) -> 10 | AL24: =IF(T24>0,DATEDIF(T24,TODAY(),"m"),0) -> 45 | AM24: =AL24*6 -> 270 | AN24: =IF(V24>0,10,0) -> 10 | AO24: =IF(V24>0,DATEDIF(V24,TODAY(),"m"),0) -> 58 | AP24: =AO24*6 -> 348 | AQ24: =IF(X24>0,10,0) -> 0 | AR24: =IF(X24>0,DATEDIF(X24,TODAY(),"m"),0) -> 0 | AS24: =AR24*6 -> 0 | AT24: =VLOOKUP(B24,经历时间!A:B,2,FALSE) -> 2868.04 | AU24: =IF(Q24>0,AT24*0.1,0) -> 286.804 | AV24: =IF(I24>0,DATEDIF(I24,TODAY(),"m"),0) -> 75 | AW24: 1 | AY24: =IFERROR(VLOOKUP(B24,'兼职+帮忙'!B:AF,28,FALSE),0) -> 1
A25: 261764 | B25: 袁珂 | C25: =VLOOKUP(B25,'姓名+分部'!A:B,2,FALSE) -> 三分部 | D25: C | E25: =IF(Q25>0,RANK(Y25,Y$2:Y$133),"无排名") -> 22 | F25: =IF(AND(Y25>1000,Q25>0,T25>0,V25>0,AV25>48,AI25>3),"可流转","继续培训") -> 继续培训 | G25: =IF(N25>0,"不考核",IF(K25>0,"B",IF(I25>0,"A2",IF(I25=0,"学员",NA())))) -> 不考核 | H25: =_xlfn.IFS(N25>0,"完成考核",K25>0,K25+390,I25>0,I25+120) -> 完成考核 | I25: 44407 | J25: =IF($I25>0,IF(K25>0,DATEDIF(I25,K25,"m"),"未完成"),"学员") -> 14 | K25: 44847 | L25: =IF($I25>0,IF(N25>0,DATEDIF(I25,N25,"m"),"未完成"),"学员") -> 29 | M25: =IF($I25>0,IF(N25>0,DATEDIF(K25,N25,"m"),"未完成"),"学员") -> 15 | N25: 45306 | O25: =IF($I25>0,IF(Q25>0,DATEDIF(I25,Q25,"m"),"未完成"),"学员") -> 38 | P25: =IF($I25>0,IF(Q25>0,DATEDIF(N25,Q25,"m"),"未完成"),"学员") -> 8 | Q25: 45571 | S25: =IF($I25>0,IF(T25>0,DATEDIF(I25,T25,"m"),"未完成"),"学员") -> 19 | T25: 45009 | U25: =IF($I25>0,IF(V25>0,DATEDIF(I25,V25,"m"),"未完成"),"学员") -> 32 | V25: 45397 | W25: =IF($I25>0,IF(X25>0,DATEDIF(I25,X25,"m"),"未完成"),"学员") -> 未完成 | Y25: =AA25+AC25+AE25+AH25+AJ25+AM25+AP25+AS25+AW25+AX25+AY25+AU25 -> 691.256 | Z25: 是 | AA25: =IF(Z25="是",5,0) -> 5 | AB25: 是 | AC25: =IF(AB25="是",10,0) -> 10 | AD25: 是 | AE25: =IF(AD25="是",5,0) -> 5 | AF25: =COUNTA(K25,N25,Q25,R25)*10 -> 30 | AG25: =IF(N25>0,DATEDIF(N25,TODAY(),"m"),0) -> 24 | AH25: =AG25*3 -> 72 | AI25: =IF(Q25>0,DATEDIF(Q25,TODAY(),"m"),0) -> 15 | AJ25: =AI25*6 -> 90 | AK25: =IF(T25>0,10,0) -> 10 | AL25: =IF(T25>0,DATEDIF(T25,TODAY(),"m"),0) -> 33 | AM25: =AL25*6 -> 198 | AN25: =IF(V25>0,10,0) -> 10 | AO25: =IF(V25>0,DATEDIF(V25,TODAY(),"m"),0) -> 21 | AP25: =AO25*6 -> 126 | AQ25: =IF(X25>0,10,0) -> 0 | AR25: =IF(X25>0,DATEDIF(X25,TODAY(),"m"),0) -> 0 | AS25: =AR25*6 -> 0 | AT25: =VLOOKUP(B25,经历时间!A:B,2,FALSE) -> 1850.56 | AU25: =IF(Q25>0,AT25*0.1,0) -> 185.056 | AV25: =IF(I25>0,DATEDIF(I25,TODAY(),"m"),0) -> 53 | AW25: 0.2 | AY25: =IFERROR(VLOOKUP(B25,'兼职+帮忙'!B:AF,28,FALSE),0) -> 0
A26: 265806 | B26: 陈伯楠 | C26: =VLOOKUP(B26,'姓名+分部'!A:B,2,FALSE) -> 三分部 | D26: C | E26: =IF(Q26>0,RANK(Y26,Y$2:Y$133),"无排名") -> 24 | F26: =IF(AND(Y26>1000,Q26>0,T26>0,V26>0,AV26>48,AI26>3),"可流转","继续培训") -> 继续培训 | G26: =IF(N26>0,"不考核",IF(K26>0,"B",IF(I26>0,"A2",IF(I26=0,"学员",NA())))) -> 不考核 | H26: =_xlfn.IFS(N26>0,"完成考核",K26>0,K26+390,I26>0,I26+120) -> 完成考核 | I26: 44420 | J26: =IF($I26>0,IF(K26>0,DATEDIF(I26,K26,"m"),"未完成"),"学员") -> 9 | K26: 44719 | L26: =IF($I26>0,IF(N26>0,DATEDIF(I26,N26,"m"),"未完成"),"学员") -> 33 | M26: =IF($I26>0,IF(N26>0,DATEDIF(K26,N26,"m"),"未完成"),"学员") -> 23 | N26: 45432 | O26: =IF($I26>0,IF(Q26>0,DATEDIF(I26,Q26,"m"),"未完成"),"学员") -> 41 | P26: =IF($I26>0,IF(Q26>0,DATEDIF(N26,Q26,"m"),"未完成"),"学员") -> 8 | Q26: 45693 | S26: =IF($I26>0,IF(T26>0,DATEDIF(I26,T26,"m"),"未完成"),"学员") -> 24 | T26: 45152 | U26: =IF($I26>0,IF(V26>0,DATEDIF(I26,V26,"m"),"未完成"),"学员") -> 32 | V26: 45397 | W26: =IF($I26>0,IF(X26>0,DATEDIF(I26,X26,"m"),"未完成"),"学员") -> 未完成 | Y26: =AA26+AC26+AE26+AH26+AJ26+AM26+AP26+AS26+AW26+AX26+AY26+AU26 -> 660.536 | Z26: 是 | AA26: =IF(Z26="是",5,0) -> 5 | AB26: 是 | AC26: =IF(AB26="是",10,0) -> 10 | AD26: 是 | AE26: =IF(AD26="是",5,0) -> 5 | AF26: =COUNTA(K26,N26,Q26,R26)*10 -> 30 | AG26: =IF(N26>0,DATEDIF(N26,TODAY(),"m"),0) -> 19 | AH26: =AG26*3 -> 57 | AI26: =IF(Q26>0,DATEDIF(Q26,TODAY(),"m"),0) -> 11 | AJ26: =AI26*6 -> 66 | AK26: =IF(T26>0,10,0) -> 10 | AL26: =IF(T26>0,DATEDIF(T26,TODAY(),"m"),0) -> 29 | AM26: =AL26*6 -> 174 | AN26: =IF(V26>0,10,0) -> 10 | AO26: =IF(V26>0,DATEDIF(V26,TODAY(),"m"),0) -> 21 | AP26: =AO26*6 -> 126 | AQ26: =IF(X26>0,10,0) -> 0 | AR26: =IF(X26>0,DATEDIF(X26,TODAY(),"m"),0) -> 0 | AS26: =AR26*6 -> 0 | AT26: =VLOOKUP(B26,经历时间!A:B,2,FALSE) -> 2175.36 | AU26: =IF(Q26>0,AT26*0.1,0) -> 217.536 | AV26: =IF(I26>0,DATEDIF(I26,TODAY(),"m"),0) -> 53 | AW26: 0 | AY26: =IFERROR(VLOOKUP(B26,'兼职+帮忙'!B:AF,28,FALSE),0) -> 0
A27: 253776 | B27: 张星远 | C27: =VLOOKUP(B27,'姓名+分部'!A:B,2,FALSE) -> 二分部 | D27: B | E27: =IF(Q27>0,RANK(Y27,Y$2:Y$133),"无排名") -> 无排名 | F27: =IF(AND(Y27>1000,Q27>0,T27>0,V27>0,AV27>48,AI27>3),"可流转","继续培训") -> 继续培训 | G27: =IF(N27>0,"不考核",IF(K27>0,"B",IF(I27>0,"A2",IF(I27=0,"学员",NA())))) -> 不考核 | H27: =_xlfn.IFS(N27>0,"完成考核",K27>0,K27+390,I27>0,I27+120) -> 完成考核 | I27: 43865 | J27: =IF($I27>0,IF(K27>0,DATEDIF(I27,K27,"m"),"未完成"),"学员") -> 10 | K27: 44187 | L27: =IF($I27>0,IF(N27>0,DATEDIF(I27,N27,"m"),"未完成"),"学员") -> 45 | M27: =IF($I27>0,IF(N27>0,DATEDIF(K27,N27,"m"),"未完成"),"学员") -> 34 | N27: 45243 | O27: =IF($I27>0,IF(Q27>0,DATEDIF(I27,Q27,"m"),"未完成"),"学员") -> 未完成 | P27: =IF($I27>0,IF(Q27>0,DATEDIF(N27,Q27,"m"),"未完成"),"学员") -> 未完成 | S27: =IF($I27>0,IF(T27>0,DATEDIF(I27,T27,"m"),"未完成"),"学员") -> 37 | T27: 45009 | U27: =IF($I27>0,IF(V27>0,DATEDIF(I27,V27,"m"),"未完成"),"学员") -> 42 | V27: 45155 | W27: =IF($I27>0,IF(X27>0,DATEDIF(I27,X27,"m"),"未完成"),"学员") -> 未完成 | Y27: =AA27+AC27+AE27+AH27+AJ27+AM27+AP27+AS27+AW27+AX27+AY27+AU27 -> 470.4 | Z27: 是 | AA27: =IF(Z27="是",5,0) -> 5 | AB27: 是 | AC27: =IF(AB27="是",10,0) -> 10 | AD27: 是 | AE27: =IF(AD27="是",5,0) -> 5 | AF27: =COUNTA(K27,N27,Q27,R27)*10 -> 20 | AG27: =IF(N27>0,DATEDIF(N27,TODAY(),"m"),0) -> 26 | AH27: =AG27*3 -> 78 | AI27: =IF(Q27>0,DATEDIF(Q27,TODAY(),"m"),0) -> 0 | AJ27: =AI27*6 -> 0 | AK27: =IF(T27>0,10,0) -> 10 | AL27: =IF(T27>0,DATEDIF(T27,TODAY(),"m"),0) -> 33 | AM27: =AL27*6 -> 198 | AN27: =IF(V27>0,10,0) -> 10 | AO27: =IF(V27>0,DATEDIF(V27,TODAY(),"m"),0) -> 28 | AP27: =AO27*6 -> 168 | AQ27: =IF(X27>0,10,0) -> 0 | AR27: =IF(X27>0,DATEDIF(X27,TODAY(),"m"),0) -> 0 | AS27: =AR27*6 -> 0 | AT27: =VLOOKUP(B27,经历时间!A:B,2,FALSE) -> 2321.23 | AU27: =IF(Q27>0,AT27*0.1,0) -> 0 | AV27: =IF(I27>0,DATEDIF(I27,TODAY(),"m"),0) -> 71 | AW27: 1.4 | AY27: =IFERROR(VLOOKUP(B27,'兼职+帮忙'!B:AF,28,FALSE),0) -> 5
A28: 257697 | B28: 胡金鑫 | C28: =VLOOKUP(B28,'姓名+分部'!A:B,2,FALSE) -> 三分部 | D28: C | E28: =IF(Q28>0,RANK(Y28,Y$2:Y$133),"无排名") -> 26 | F28: =IF(AND(Y28>1000,Q28>0,T28>0,V28>0,AV28>48,AI28>3),"可流转","继续培训") -> 继续培训 | G28: =IF(N28>0,"不考核",IF(K28>0,"B",IF(I28>0,"A2",IF(I28=0,"学员",NA())))) -> 不考核 | H28: =_xlfn.IFS(N28>0,"完成考核",K28>0,K28+390,I28>0,I28+120) -> 完成考核 | I28: 44116 | J28: =IF($I28>0,IF(K28>0,DATEDIF(I28,K28,"m"),"未完成"),"学员") -> 6 | K28: 44309 | L28: =IF($I28>0,IF(N28>0,DATEDIF(I28,N28,"m"),"未完成"),"学员") -> 29 | M28: =IF($I28>0,IF(N28>0,DATEDIF(K28,N28,"m"),"未完成"),"学员") -> 23 | N28: 45012 | O28: =IF($I28>0,IF(Q28>0,DATEDIF(I28,Q28,"m"),"未完成"),"学员") -> 60 | P28: =IF($I28>0,IF(Q28>0,DATEDIF(N28,Q28,"m"),"未完成"),"学员") -> 31 | Q28: 45959 | S28: =IF($I28>0,IF(T28>0,DATEDIF(I28,T28,"m"),"未完成"),"学员") -> 43 | T28: 45454 | U28: =IF($I28>0,IF(V28>0,DATEDIF(I28,V28,"m"),"未完成"),"学员") -> 35 | V28: 45181 | W28: =IF($I28>0,IF(X28>0,DATEDIF(I28,X28,"m"),"未完成"),"学员") -> 未完成 | Y28: =AA28+AC28+AE28+AH28+AJ28+AM28+AP28+AS28+AW28+AX28+AY28+AU28 -> 651.346 | Z28: 是 | AA28: =IF(Z28="是",5,0) -> 5 | AB28: 是 | AC28: =IF(AB28="是",10,0) -> 10 | AD28: 是 | AE28: =IF(AD28="是",5,0) -> 5 | AF28: =COUNTA(K28,N28,Q28,R28)*10 -> 30 | AG28: =IF(N28>0,DATEDIF(N28,TODAY(),"m"),0) -> 33 | AH28: =AG28*3 -> 99 | AI28: =IF(Q28>0,DATEDIF(Q28,TODAY(),"m"),0) -> 2 | AJ28: =AI28*6 -> 12 | AK28: =IF(T28>0,10,0) -> 10 | AL28: =IF(T28>0,DATEDIF(T28,TODAY(),"m"),0) -> 19 | AM28: =AL28*6 -> 114 | AN28: =IF(V28>0,10,0) -> 10 | AO28: =IF(V28>0,DATEDIF(V28,TODAY(),"m"),0) -> 28 | AP28: =AO28*6 -> 168 | AQ28: =IF(X28>0,10,0) -> 0 | AR28: =IF(X28>0,DATEDIF(X28,TODAY(),"m"),0) -> 0 | AS28: =AR28*6 -> 0 | AT28: =VLOOKUP(B28,经历时间!A:B,2,FALSE) -> 2123.46 | AU28: =IF(Q28>0,AT28*0.1,0) -> 212.346 | AV28: =IF(I28>0,DATEDIF(I28,TODAY(),"m"),0) -> 63 | AW28: 26 | AY28: =IFERROR(VLOOKUP(B28,'兼职+帮忙'!B:AF,28,FALSE),0) -> 0
A29: 266464 | B29: 王程乾 | C29: =VLOOKUP(B29,'姓名+分部'!A:B,2,FALSE) -> 二分部 | D29: B | E29: =IF(Q29>0,RANK(Y29,Y$2:Y$133),"无排名") -> 无排名 | F29: =IF(AND(Y29>1000,Q29>0,T29>0,V29>0,AV29>48,AI29>3),"可流转","继续培训") -> 继续培训 | G29: =IF(N29>0,"不考核",IF(K29>0,"B",IF(I29>0,"A2",IF(I29=0,"学员",NA())))) -> 不考核 | H29: =_xlfn.IFS(N29>0,"完成考核",K29>0,K29+390,I29>0,I29+120) -> 完成考核 | I29: 44384 | J29: =IF($I29>0,IF(K29>0,DATEDIF(I29,K29,"m"),"未完成"),"学员") -> 12 | K29: 44769 | L29: =IF($I29>0,IF(N29>0,DATEDIF(I29,N29,"m"),"未完成"),"学员") -> 26 | M29: =IF($I29>0,IF(N29>0,DATEDIF(K29,N29,"m"),"未完成"),"学员") -> 13 | N29: 45185 | O29: =IF($I29>0,IF(Q29>0,DATEDIF(I29,Q29,"m"),"未完成"),"学员") -> 未完成 | P29: =IF($I29>0,IF(Q29>0,DATEDIF(N29,Q29,"m"),"未完成"),"学员") -> 未完成 | S29: =IF($I29>0,IF(T29>0,DATEDIF(I29,T29,"m"),"未完成"),"学员") -> 34 | T29: 45445 | U29: =IF($I29>0,IF(V29>0,DATEDIF(I29,V29,"m"),"未完成"),"学员") -> 26 | V29: 45181 | W29: =IF($I29>0,IF(X29>0,DATEDIF(I29,X29,"m"),"未完成"),"学员") -> 未完成 | Y29: =AA29+AC29+AE29+AH29+AJ29+AM29+AP29+AS29+AW29+AX29+AY29+AU29 -> 413 | Z29: 是 | AA29: =IF(Z29="是",5,0) -> 5 | AB29: 是 | AC29: =IF(AB29="是",10,0) -> 10 | AD29: 是 | AE29: =IF(AD29="是",5,0) -> 5 | AF29: =COUNTA(K29,N29,Q29,R29)*10 -> 20 | AG29: =IF(N29>0,DATEDIF(N29,TODAY(),"m"),0) -> 28 | AH29: =AG29*3 -> 84 | AI29: =IF(Q29>0,DATEDIF(Q29,TODAY(),"m"),0) -> 0 | AJ29: =AI29*6 -> 0 | AK29: =IF(T29>0,10,0) -> 10 | AL29: =IF(T29>0,DATEDIF(T29,TODAY(),"m"),0) -> 19 | AM29: =AL29*6 -> 114 | AN29: =IF(V29>0,10,0) -> 10 | AO29: =IF(V29>0,DATEDIF(V29,TODAY(),"m"),0) -> 28 | AP29: =AO29*6 -> 168 | AQ29: =IF(X29>0,10,0) -> 0 | AR29: =IF(X29>0,DATEDIF(X29,TODAY(),"m"),0) -> 0 | AS29: =AR29*6 -> 0 | AT29: =VLOOKUP(B29,经历时间!A:B,2,FALSE) -> 1872.08 | AU29: =IF(Q29>0,AT29*0.1,0) -> 0 | AV29: =IF(I29>0,DATEDIF(I29,TODAY(),"m"),0) -> 54 | AW29: 27 | AY29: =IFERROR(VLOOKUP(B29,'兼职+帮忙'!B:AF,28,FALSE),0) -> 0
A30: 246412 | B30: 邓汉昕 | C30: =VLOOKUP(B30,'姓名+分部'!A:B,2,FALSE) -> 三分部 | D30: B | E30: =IF(Q30>0,RANK(Y30,Y$2:Y$133),"无排名") -> 无排名 | F30: =IF(AND(Y30>1000,Q30>0,T30>0,V30>0,AV30>48,AI30>3),"可流转","继续培训") -> 继续培训 | G30: =IF(N30>0,"不考核",IF(K30>0,"B",IF(I30>0,"A2",IF(I30=0,"学员",NA())))) -> 不考核 | H30: =_xlfn.IFS(N30>0,"完成考核",K30>0,K30+390,I30>0,I30+120) -> 完成考核 | I30: 43839 | J30: =IF($I30>0,IF(K30>0,DATEDIF(I30,K30,"m"),"未完成"),"学员") -> 13 | K30: 44253 | L30: =IF($I30>0,IF(N30>0,DATEDIF(I30,N30,"m"),"未完成"),"学员") -> 43 | M30: =IF($I30>0,IF(N30>0,DATEDIF(K30,N30,"m"),"未完成"),"学员") -> 29 | N30: 45157 | O30: =IF($I30>0,IF(Q30>0,DATEDIF(I30,Q30,"m"),"未完成"),"学员") -> 未完成 | P30: =IF($I30>0,IF(Q30>0,DATEDIF(N30,Q30,"m"),"未完成"),"学员") -> 未完成 | S30: =IF($I30>0,IF(T30>0,DATEDIF(I30,T30,"m"),"未完成"),"学员") -> 39 | T30: 45042 | U30: =IF($I30>0,IF(V30>0,DATEDIF(I30,V30,"m"),"未完成"),"学员") -> 未完成 | W30: =IF($I30>0,IF(X30>0,DATEDIF(I30,X30,"m"),"未完成"),"学员") -> 61 | X30: 45723 | Y30: =AA30+AC30+AE30+AH30+AJ30+AM30+AP30+AS30+AW30+AX30+AY30+AU30 -> 356 | Z30: 是 | AA30: =IF(Z30="是",5,0) -> 5 | AB30: 是 | AC30: =IF(AB30="是",10,0) -> 10 | AD30: 是 | AE30: =IF(AD30="是",5,0) -> 5 | AF30: =COUNTA(K30,N30,Q30,R30)*10 -> 20 | AG30: =IF(N30>0,DATEDIF(N30,TODAY(),"m"),0) -> 28 | AH30: =AG30*3 -> 84 | AI30: =IF(Q30>0,DATEDIF(Q30,TODAY(),"m"),0) -> 0 | AJ30: =AI30*6 -> 0 | AK30: =IF(T30>0,10,0) -> 10 | AL30: =IF(T30>0,DATEDIF(T30,TODAY(),"m"),0) -> 32 | AM30: =AL30*6 -> 192 | AN30: =IF(V30>0,10,0) -> 0 | AO30: =IF(V30>0,DATEDIF(V30,TODAY(),"m"),0) -> 0 | AP30: =AO30*6 -> 0 | AQ30: =IF(X30>0,10,0) -> 10 | AR30: =IF(X30>0,DATEDIF(X30,TODAY(),"m"),0) -> 10 | AS30: =AR30*6 -> 60 | AT30: =VLOOKUP(B30,经历时间!A:B,2,FALSE) -> 2099.32 | AU30: =IF(Q30>0,AT30*0.1,0) -> 0 | AW30: 0 | AY30: =IFERROR(VLOOKUP(B30,'兼职+帮忙'!B:AF,28,FALSE),0) -> 0
A31: 264179 | B31: 李天诚 | C31: =VLOOKUP(B31,'姓名+分部'!A:B,2,FALSE) -> 一分部 | D31: B | E31: =IF(Q31>0,RANK(Y31,Y$2:Y$133),"无排名") -> 无排名 | F31: =IF(AND(Y31>1000,Q31>0,T31>0,V31>0,AV31>48,AI31>3),"可流转","继续培训") -> 继续培训 | G31: =IF(N31>0,"不考核",IF(K31>0,"B",IF(I31>0,"A2",IF(I31=0,"学员",NA())))) -> 不考核 | H31: =_xlfn.IFS(N31>0,"完成考核",K31>0,K31+390,I31>0,I31+120) -> 完成考核 | I31: 44915 | J31: =IF($I31>0,IF(K31>0,DATEDIF(I31,K31,"m"),"未完成"),"学员") -> 10 | K31: 45223 | L31: =IF($I31>0,IF(N31>0,DATEDIF(I31,N31,"m"),"未完成"),"学员") -> 18 | M31: =IF($I31>0,IF(N31>0,DATEDIF(K31,N31,"m"),"未完成"),"学员") -> 8 | N31: 45469 | O31: =IF($I31>0,IF(Q31>0,DATEDIF(I31,Q31,"m"),"未完成"),"学员") -> 未完成 | P31: =IF($I31>0,IF(Q31>0,DATEDIF(N31,Q31,"m"),"未完成"),"学员") -> 未完成 | S31: =IF($I31>0,IF(T31>0,DATEDIF(I31,T31,"m"),"未完成"),"学员") -> 7 | T31: 45132 | U31: =IF($I31>0,IF(V31>0,DATEDIF(I31,V31,"m"),"未完成"),"学员") -> 22 | V31: 45602 | W31: =IF($I31>0,IF(X31>0,DATEDIF(I31,X31,"m"),"未完成"),"学员") -> 未完成 | Y31: =AA31+AC31+AE31+AH31+AJ31+AM31+AP31+AS31+AW31+AX31+AY31+AU31 -> 327 | Z31: 是 | AA31: =IF(Z31="是",5,0) -> 5 | AB31: 是 | AC31: =IF(AB31="是",10,0) -> 10 | AD31: 是 | AE31: =IF(AD31="是",5,0) -> 5 | AF31: =COUNTA(K31,N31,Q31,R31)*10 -> 20 | AG31: =IF(N31>0,DATEDIF(N31,TODAY(),"m"),0) -> 18 | AH31: =AG31*3 -> 54 | AI31: =IF(Q31>0,DATEDIF(Q31,TODAY(),"m"),0) -> 0 | AJ31: =AI31*6 -> 0 | AK31: =IF(T31>0,10,0) -> 10 | AL31: =IF(T31>0,DATEDIF(T31,TODAY(),"m"),0) -> 29 | AM31: =AL31*6 -> 174 | AN31: =IF(V31>0,10,0) -> 10 | AO31: =IF(V31>0,DATEDIF(V31,TODAY(),"m"),0) -> 14 | AP31: =AO31*6 -> 84 | AQ31: =IF(X31>0,10,0) -> 0 | AR31: =IF(X31>0,DATEDIF(X31,TODAY(),"m"),0) -> 0 | AS31: =AR31*6 -> 0 | AT31: =VLOOKUP(B31,经历时间!A:B,2,FALSE) -> 2040.45 | AU31: =IF(Q31>0,AT31*0.1,0) -> 0 | AV31: =IF(I31>0,DATEDIF(I31,TODAY(),"m"),0) -> 36 | AW31: 0 | AX31: -5 | AY31: =IFERROR(VLOOKUP(B31,'兼职+帮忙'!B:AF,28,FALSE),0) -> 0
A32: 265822 | B32: 谢源 | C32: =VLOOKUP(B32,'姓名+分部'!A:B,2,FALSE) -> 二分部 | D32: C | E32: =IF(Q32>0,RANK(Y32,Y$2:Y$133),"无排名") -> 27 | F32: =IF(AND(Y32>1000,Q32>0,T32>0,V32>0,AV32>48,AI32>3),"可流转","继续培训") -> 继续培训 | G32: =IF(N32>0,"不考核",IF(K32>0,"B",IF(I32>0,"A2",IF(I32=0,"学员",NA())))) -> 不考核 | H32: =_xlfn.IFS(N32>0,"完成考核",K32>0,K32+390,I32>0,I32+120) -> 完成考核 | I32: 44385 | J32: =IF($I32>0,IF(K32>0,DATEDIF(I32,K32,"m"),"未完成"),"学员") -> 5 | K32: 44564 | L32: =IF($I32>0,IF(N32>0,DATEDIF(I32,N32,"m"),"未完成"),"学员") -> 39 | M32: =IF($I32>0,IF(N32>0,DATEDIF(K32,N32,"m"),"未完成"),"学员") -> 33 | N32: 45587 | O32: =IF($I32>0,IF(Q32>0,DATEDIF(I32,Q32,"m"),"未完成"),"学员") -> 51 | P32: =IF($I32>0,IF(Q32>0,DATEDIF(N32,Q32,"m"),"未完成"),"学员") -> 12 | Q32: 45959 | S32: =IF($I32>0,IF(T32>0,DATEDIF(I32,T32,"m"),"未完成"),"学员") -> 30 | T32: 45320 | U32: =IF($I32>0,IF(V32>0,DATEDIF(I32,V32,"m"),"未完成"),"学员") -> 35 | V32: 45475 | W32: =IF($I32>0,IF(X32>0,DATEDIF(I32,X32,"m"),"未完成"),"学员") -> 未完成 | Y32: =AA32+AC32+AE32+AH32+AJ32+AM32+AP32+AS32+AW32+AX32+AY32+AU32 -> 630.631 | Z32: 是 | AA32: =IF(Z32="是",5,0) -> 5 | AB32: 是 | AC32: =IF(AB32="是",10,0) -> 10 | AD32: 是 | AE32: =IF(AD32="是",5,0) -> 5 | AF32: =COUNTA(K32,N32,Q32,R32)*10 -> 30 | AG32: =IF(N32>0,DATEDIF(N32,TODAY(),"m"),0) -> 14 | AH32: =AG32*3 -> 42 | AI32: =IF(Q32>0,DATEDIF(Q32,TODAY(),"m"),0) -> 2 | AJ32: =AI32*6 -> 12 | AK32: =IF(T32>0,10,0) -> 10 | AL32: =IF(T32>0,DATEDIF(T32,TODAY(),"m"),0) -> 23 | AM32: =AL32*6 -> 138 | AN32: =IF(V32>0,10,0) -> 10 | AO32: =IF(V32>0,DATEDIF(V32,TODAY(),"m"),0) -> 18 | AP32: =AO32*6 -> 108 | AQ32: =IF(X32>0,10,0) -> 0 | AR32: =IF(X32>0,DATEDIF(X32,TODAY(),"m"),0) -> 0 | AS32: =AR32*6 -> 0 | AT32: =VLOOKUP(B32,经历时间!A:B,2,FALSE) -> 1436.31 | AU32: =IF(Q32>0,AT32*0.1,0) -> 143.631 | AV32: =IF(I32>0,DATEDIF(I32,TODAY(),"m"),0) -> 54 | AW32: 6 | AY32: =IFERROR(VLOOKUP(B32,'兼职+帮忙'!B:AF,28,FALSE),0) -> 161
A33: 258455 | B33: 车有路 | C33: =VLOOKUP(B33,'姓名+分部'!A:B,2,FALSE) -> 三分部 | D33: B | E33: =IF(Q33>0,RANK(Y33,Y$2:Y$133),"无排名") -> 无排名 | F33: =IF(AND(Y33>1000,Q33>0,T33>0,V33>0,AV33>48,AI33>3),"可流转","继续培训") -> 继续培训 | G33: =IF(N33>0,"不考核",IF(K33>0,"B",IF(I33>0,"A2",IF(I33=0,"学员",NA())))) -> 不考核 | H33: =_xlfn.IFS(N33>0,"完成考核",K33>0,K33+390,I33>0,I33+120) -> 完成考核 | I33: 44016 | J33: =IF($I33>0,IF(K33>0,DATEDIF(I33,K33,"m"),"未完成"),"学员") -> 2 | K33: 44101 | L33: =IF($I33>0,IF(N33>0,DATEDIF(I33,N33,"m"),"未完成"),"学员") -> 25 | M33: =IF($I33>0,IF(N33>0,DATEDIF(K33,N33,"m"),"未完成"),"学员") -> 22 | N33: 44793 | O33: =IF($I33>0,IF(Q33>0,DATEDIF(I33,Q33,"m"),"未完成"),"学员") -> 未完成 | P33: =IF($I33>0,IF(Q33>0,DATEDIF(N33,Q33,"m"),"未完成"),"学员") -> 未完成 | S33: =IF($I33>0,IF(T33>0,DATEDIF(I33,T33,"m"),"未完成"),"学员") -> 未完成 | U33: =IF($I33>0,IF(V33>0,DATEDIF(I33,V33,"m"),"未完成"),"学员") -> 39 | V33: 45207 | W33: =IF($I33>0,IF(X33>0,DATEDIF(I33,X33,"m"),"未完成"),"学员") -> 未完成 | Y33: =AA33+AC33+AE33+AH33+AJ33+AM33+AP33+AS33+AW33+AX33+AY33+AU33 -> 319 | Z33: 是 | AA33: =IF(Z33="是",5,0) -> 5 | AB33: 是 | AC33: =IF(AB33="是",10,0) -> 10 | AD33: 是 | AE33: =IF(AD33="是",5,0) -> 5 | AF33: =COUNTA(K33,N33,Q33,R33)*10 -> 20 | AG33: =IF(N33>0,DATEDIF(N33,TODAY(),"m"),0) -> 40 | AH33: =AG33*3 -> 120 | AI33: =IF(Q33>0,DATEDIF(Q33,TODAY(),"m"),0) -> 0 | AJ33: =AI33*6 -> 0 | AK33: =IF(T33>0,10,0) -> 0 | AL33: =IF(T33>0,DATEDIF(T33,TODAY(),"m"),0) -> 0 | AM33: =AL33*6 -> 0 | AN33: =IF(V33>0,10,0) -> 10 | AO33: =IF(V33>0,DATEDIF(V33,TODAY(),"m"),0) -> 27 | AP33: =AO33*6 -> 162 | AQ33: =IF(X33>0,10,0) -> 0 | AR33: =IF(X33>0,DATEDIF(X33,TODAY(),"m"),0) -> 0 | AS33: =AR33*6 -> 0 | AT33: =VLOOKUP(B33,经历时间!A:B,2,FALSE) -> 1885.18 | AU33: =IF(Q33>0,AT33*0.1,0) -> 0 | AV33: =IF(I33>0,DATEDIF(I33,TODAY(),"m"),0) -> 66 | AW33: 12 | AY33: =IFERROR(VLOOKUP(B33,'兼职+帮忙'!B:AF,28,FALSE),0) -> 5
A34: 249564 | B34: 沈铭 | C34: =VLOOKUP(B34,'姓名+分部'!A:B,2,FALSE) -> 三分部 | D34: A2 | E34: =IF(Q34>0,RANK(Y34,Y$2:Y$133),"无排名") -> 无排名 | F34: =IF(AND(Y34>1000,Q34>0,T34>0,V34>0,AV34>48,AI34>3),"可流转","继续培训") -> 继续培训 | G34: =IF(N34>0,"不考核",IF(K34>0,"B",IF(I34>0,"A2",IF(I34=0,"学员",NA())))) -> B | H34: =_xlfn.IFS(N34>0,"完成考核",K34>0,K34+390,I34>0,I34+120) -> 44569 | I34: 44010 | J34: =IF($I34>0,IF(K34>0,DATEDIF(I34,K34,"m"),"未完成"),"学员") -> 5 | K34: 44179 | L34: =IF($I34>0,IF(N34>0,DATEDIF(I34,N34,"m"),"未完成"),"学员") -> 未完成 | M34: =IF($I34>0,IF(N34>0,DATEDIF(K34,N34,"m"),"未完成"),"学员") -> 未完成 | O34: =IF($I34>0,IF(Q34>0,DATEDIF(I34,Q34,"m"),"未完成"),"学员") -> 未完成 | P34: =IF($I34>0,IF(Q34>0,DATEDIF(N34,Q34,"m"),"未完成"),"学员") -> 未完成 | S34: =IF($I34>0,IF(T34>0,DATEDIF(I34,T34,"m"),"未完成"),"学员") -> 28 | T34: 44872 | U34: =IF($I34>0,IF(V34>0,DATEDIF(I34,V34,"m"),"未完成"),"学员") -> 57 | V34: 45757 | W34: =IF($I34>0,IF(X34>0,DATEDIF(I34,X34,"m"),"未完成"),"学员") -> 未完成 | Y34: =AA34+AC34+AE34+AH34+AJ34+AM34+AP34+AS34+AW34+AX34+AY34+AU34 -> 302.7 | Z34: 否 | AA34: =IF(Z34="是",5,0) -> 0 | AB34: 是 | AC34: =IF(AB34="是",10,0) -> 10 | AD34: 是 | AE34: =IF(AD34="是",5,0) -> 5 | AF34: =COUNTA(K34,N34,Q34,R34)*10 -> 10 | AG34: =IF(N34>0,DATEDIF(N34,TODAY(),"m"),0) -> 0 | AH34: =AG34*3 -> 0 | AI34: =IF(Q34>0,DATEDIF(Q34,TODAY(),"m"),0) -> 0 | AJ34: =AI34*6 -> 0 | AK34: =IF(T34>0,10,0) -> 10 | AL34: =IF(T34>0,DATEDIF(T34,TODAY(),"m"),0) -> 38 | AM34: =AL34*6 -> 228 | AN34: =IF(V34>0,10,0) -> 10 | AO34: =IF(V34>0,DATEDIF(V34,TODAY(),"m"),0) -> 9 | AP34: =AO34*6 -> 54 | AQ34: =IF(X34>0,10,0) -> 0 | AR34: =IF(X34>0,DATEDIF(X34,TODAY(),"m"),0) -> 0 | AS34: =AR34*6 -> 0 | AT34: =VLOOKUP(B34,经历时间!A:B,2,FALSE) -> 2321.16 | AU34: =IF(Q34>0,AT34*0.1,0) -> 0 | AV34: =IF(I34>0,DATEDIF(I34,TODAY(),"m"),0) -> 66 | AW34: 10.7 | AX34: -5 | AY34: =IFERROR(VLOOKUP(B34,'兼职+帮忙'!B:AF,28,FALSE),0) -> 0
A35: 265803 | B35: 肖剑鹏 | C35: =VLOOKUP(B35,'姓名+分部'!A:B,2,FALSE) -> 三分部 | D35: B | E35: =IF(Q35>0,RANK(Y35,Y$2:Y$133),"无排名") -> 无排名 | F35: =IF(AND(Y35>1000,Q35>0,T35>0,V35>0,AV35>48,AI35>3),"可流转","继续培训") -> 继续培训 | G35: =IF(N35>0,"不考核",IF(K35>0,"B",IF(I35>0,"A2",IF(I35=0,"学员",NA())))) -> 不考核 | H35: =_xlfn.IFS(N35>0,"完成考核",K35>0,K35+390,I35>0,I35+120) -> 完成考核 | I35: 44586 | J35: =IF($I35>0,IF(K35>0,DATEDIF(I35,K35,"m"),"未完成"),"学员") -> 13 | K35: 44994 | L35: =IF($I35>0,IF(N35>0,DATEDIF(I35,N35,"m"),"未完成"),"学员") -> 36 | M35: =IF($I35>0,IF(N35>0,DATEDIF(K35,N35,"m"),"未完成"),"学员") -> 23 | N35: 45707 | O35: =IF($I35>0,IF(Q35>0,DATEDIF(I35,Q35,"m"),"未完成"),"学员") -> 未完成 | P35: =IF($I35>0,IF(Q35>0,DATEDIF(N35,Q35,"m"),"未完成"),"学员") -> 未完成 | S35: =IF($I35>0,IF(T35>0,DATEDIF(I35,T35,"m"),"未完成"),"学员") -> 23 | T35: 45288 | U35: =IF($I35>0,IF(V35>0,DATEDIF(I35,V35,"m"),"未完成"),"学员") -> 28 | V35: 45441 | W35: =IF($I35>0,IF(X35>0,DATEDIF(I35,X35,"m"),"未完成"),"学员") -> 未完成 | Y35: =AA35+AC35+AE35+AH35+AJ35+AM35+AP35+AS35+AW35+AX35+AY35+AU35 -> 309 | Z35: 是 | AA35: =IF(Z35="是",5,0) -> 5 | AB35: 是 | AC35: =IF(AB35="是",10,0) -> 10 | AD35: 是 | AE35: =IF(AD35="是",5,0) -> 5 | AF35: =COUNTA(K35,N35,Q35,R35)*10 -> 20 | AG35: =IF(N35>0,DATEDIF(N35,TODAY(),"m"),0) -> 10 | AH35: =AG35*3 -> 30 | AI35: =IF(Q35>0,DATEDIF(Q35,TODAY(),"m"),0) -> 0 | AJ35: =AI35*6 -> 0 | AK35: =IF(T35>0,10,0) -> 10 | AL35: =IF(T35>0,DATEDIF(T35,TODAY(),"m"),0) -> 24 | AM35: =AL35*6 -> 144 | AN35: =IF(V35>0,10,0) -> 10 | AO35: =IF(V35>0,DATEDIF(V35,TODAY(),"m"),0) -> 19 | AP35: =AO35*6 -> 114 | AQ35: =IF(X35>0,10,0) -> 0 | AR35: =IF(X35>0,DATEDIF(X35,TODAY(),"m"),0) -> 0 | AS35: =AR35*6 -> 0 | AT35: =VLOOKUP(B35,经历时间!A:B,2,FALSE) -> 2047.48 | AU35: =IF(Q35>0,AT35*0.1,0) -> 0 | AV35: =IF(I35>0,DATEDIF(I35,TODAY(),"m"),0) -> 47 | AW35: 1 | AY35: =IFERROR(VLOOKUP(B35,'兼职+帮忙'!B:AF,28,FALSE),0) -> 0
A36: 261757 | B36: 姜泽 | C36: =VLOOKUP(B36,'姓名+分部'!A:B,2,FALSE) -> 三分部 | D36: B | E36: =IF(Q36>0,RANK(Y36,Y$2:Y$133),"无排名") -> 无排名 | F36: =IF(AND(Y36>1000,Q36>0,T36>0,V36>0,AV36>48,AI36>3),"可流转","继续培训") -> 继续培训 | G36: =IF(N36>0,"不考核",IF(K36>0,"B",IF(I36>0,"A2",IF(I36=0,"学员",NA())))) -> 不考核 | H36: =_xlfn.IFS(N36>0,"完成考核",K36>0,K36+390,I36>0,I36+120) -> 完成考核 | I36: 43987 | J36: =IF($I36>0,IF(K36>0,DATEDIF(I36,K36,"m"),"未完成"),"学员") -> 10 | K36: 44307 | L36: =IF($I36>0,IF(N36>0,DATEDIF(I36,N36,"m"),"未完成"),"学员") -> 49 | M36: =IF($I36>0,IF(N36>0,DATEDIF(K36,N36,"m"),"未完成"),"学员") -> 39 | N36: 45500 | O36: =IF($I36>0,IF(Q36>0,DATEDIF(I36,Q36,"m"),"未完成"),"学员") -> 未完成 | P36: =IF($I36>0,IF(Q36>0,DATEDIF(N36,Q36,"m"),"未完成"),"学员") -> 未完成 | S36: =IF($I36>0,IF(T36>0,DATEDIF(I36,T36,"m"),"未完成"),"学员") -> 33 | T36: 45009 | U36: =IF($I36>0,IF(V36>0,DATEDIF(I36,V36,"m"),"未完成"),"学员") -> 未完成 | W36: =IF($I36>0,IF(X36>0,DATEDIF(I36,X36,"m"),"未完成"),"学员") -> 54 | X36: 45660 | Y36: =AA36+AC36+AE36+AH36+AJ36+AM36+AP36+AS36+AW36+AX36+AY36+AU36 -> 336.2 | Z36: 是 | AA36: =IF(Z36="是",5,0) -> 5 | AB36: 是 | AC36: =IF(AB36="是",10,0) -> 10 | AD36: 是 | AE36: =IF(AD36="是",5,0) -> 5 | AF36: =COUNTA(K36,N36,Q36,R36)*10 -> 20 | AG36: =IF(N36>0,DATEDIF(N36,TODAY(),"m"),0) -> 17 | AH36: =AG36*3 -> 51 | AI36: =IF(Q36>0,DATEDIF(Q36,TODAY(),"m"),0) -> 0 | AJ36: =AI36*6 -> 0 | AK36: =IF(T36>0,10,0) -> 10 | AL36: =IF(T36>0,DATEDIF(T36,TODAY(),"m"),0) -> 33 | AM36: =AL36*6 -> 198 | AN36: =IF(V36>0,10,0) -> 0 | AO36: =IF(V36>0,DATEDIF(V36,TODAY(),"m"),0) -> 0 | AP36: =AO36*6 -> 0 | AQ36: =IF(X36>0,10,0) -> 10 | AR36: =IF(X36>0,DATEDIF(X36,TODAY(),"m"),0) -> 12 | AS36: =AR36*6 -> 72 | AT36: =VLOOKUP(B36,经历时间!A:B,2,FALSE) -> 2219.41 | AU36: =IF(Q36>0,AT36*0.1,0) -> 0 | AV36: =IF(I36>0,DATEDIF(I36,TODAY(),"m"),0) -> 67 | AW36: -4.8 | AY36: =IFERROR(VLOOKUP(B36,'兼职+帮忙'!B:AF,28,FALSE),0) -> 0
A37: 259796 | B37: 周诗健 | C37: =VLOOKUP(B37,'姓名+分部'!A:B,2,FALSE) -> 二分部 | D37: B | E37: =IF(Q37>0,RANK(Y37,Y$2:Y$133),"无排名") -> 无排名 | F37: =IF(AND(Y37>1000,Q37>0,T37>0,V37>0,AV37>48,AI37>3),"可流转","继续培训") -> 继续培训 | G37: =IF(N37>0,"不考核",IF(K37>0,"B",IF(I37>0,"A2",IF(I37=0,"学员",NA())))) -> 不考核 | H37: =_xlfn.IFS(N37>0,"完成考核",K37>0,K37+390,I37>0,I37+120) -> 完成考核 | I37: 44315 | J37: =IF($I37>0,IF(K37>0,DATEDIF(I37,K37,"m"),"未完成"),"学员") -> 18 | K37: 44867 | L37: =IF($I37>0,IF(N37>0,DATEDIF(I37,N37,"m"),"未完成"),"学员") -> 47 | M37: =IF($I37>0,IF(N37>0,DATEDIF(K37,N37,"m"),"未完成"),"学员") -> 29 | N37: 45774 | O37: =IF($I37>0,IF(Q37>0,DATEDIF(I37,Q37,"m"),"未完成"),"学员") -> 未完成 | P37: =IF($I37>0,IF(Q37>0,DATEDIF(N37,Q37,"m"),"未完成"),"学员") -> 未完成 | S37: =IF($I37>0,IF(T37>0,DATEDIF(I37,T37,"m"),"未完成"),"学员") -> 28 | T37: 45180 | U37: =IF($I37>0,IF(V37>0,DATEDIF(I37,V37,"m"),"未完成"),"学员") -> 未完成 | W37: =IF($I37>0,IF(X37>0,DATEDIF(I37,X37,"m"),"未完成"),"学员") -> 43 | X37: 45645 | Y37: =AA37+AC37+AE37+AH37+AJ37+AM37+AP37+AS37+AW37+AX37+AY37+AU37 -> 279 | Z37: 是 | AA37: =IF(Z37="是",5,0) -> 5 | AB37: 是 | AC37: =IF(AB37="是",10,0) -> 10 | AD37: 是 | AE37: =IF(AD37="是",5,0) -> 5 | AF37: =COUNTA(K37,N37,Q37,R37)*10 -> 20 | AG37: =IF(N37>0,DATEDIF(N37,TODAY(),"m"),0) -> 8 | AH37: =AG37*3 -> 24 | AI37: =IF(Q37>0,DATEDIF(Q37,TODAY(),"m"),0) -> 0 | AJ37: =AI37*6 -> 0 | AK37: =IF(T37>0,10,0) -> 10 | AL37: =IF(T37>0,DATEDIF(T37,TODAY(),"m"),0) -> 28 | AM37: =AL37*6 -> 168 | AN37: =IF(V37>0,10,0) -> 0 | AO37: =IF(V37>0,DATEDIF(V37,TODAY(),"m"),0) -> 0 | AP37: =AO37*6 -> 0 | AQ37: =IF(X37>0,10,0) -> 10 | AR37: =IF(X37>0,DATEDIF(X37,TODAY(),"m"),0) -> 12 | AS37: =AR37*6 -> 72 | AT37: =VLOOKUP(B37,经历时间!A:B,2,FALSE) -> 1607.42 | AU37: =IF(Q37>0,AT37*0.1,0) -> 0 | AV37: =IF(I37>0,DATEDIF(I37,TODAY(),"m"),0) -> 56 | AW37: 0 | AX37: -5 | AY37: =IFERROR(VLOOKUP(B37,'兼职+帮忙'!B:AF,28,FALSE),0) -> 0
A38: 253781 | B38: 陈俊 | C38: =VLOOKUP(B38,'姓名+分部'!A:B,2,FALSE) -> 一分部 | D38: B | E38: =IF(Q38>0,RANK(Y38,Y$2:Y$133),"无排名") -> 无排名 | F38: =IF(AND(Y38>1000,Q38>0,T38>0,V38>0,AV38>48,AI38>3),"可流转","继续培训") -> 继续培训 | G38: =IF(N38>0,"不考核",IF(K38>0,"B",IF(I38>0,"A2",IF(I38=0,"学员",NA())))) -> 不考核 | H38: =_xlfn.IFS(N38>0,"完成考核",K38>0,K38+390,I38>0,I38+120) -> 完成考核 | I38: 43885 | J38: =IF($I38>0,IF(K38>0,DATEDIF(I38,K38,"m"),"未完成"),"学员") -> 11 | K38: 44234 | L38: =IF($I38>0,IF(N38>0,DATEDIF(I38,N38,"m"),"未完成"),"学员") -> 57 | M38: =IF($I38>0,IF(N38>0,DATEDIF(K38,N38,"m"),"未完成"),"学员") -> 46 | N38: 45635 | O38: =IF($I38>0,IF(Q38>0,DATEDIF(I38,Q38,"m"),"未完成"),"学员") -> 未完成 | P38: =IF($I38>0,IF(Q38>0,DATEDIF(N38,Q38,"m"),"未完成"),"学员") -> 未完成 | S38: =IF($I38>0,IF(T38>0,DATEDIF(I38,T38,"m"),"未完成"),"学员") -> 39 | T38: 45096 | U38: =IF($I38>0,IF(V38>0,DATEDIF(I38,V38,"m"),"未完成"),"学员") -> 未完成 | W38: =IF($I38>0,IF(X38>0,DATEDIF(I38,X38,"m"),"未完成"),"学员") -> 未完成 | Y38: =AA38+AC38+AE38+AH38+AJ38+AM38+AP38+AS38+AW38+AX38+AY38+AU38 -> 243 | Z38: 是 | AA38: =IF(Z38="是",5,0) -> 5 | AB38: 是 | AC38: =IF(AB38="是",10,0) -> 10 | AD38: 是 | AE38: =IF(AD38="是",5,0) -> 5 | AF38: =COUNTA(K38,N38,Q38,R38)*10 -> 20 | AG38: =IF(N38>0,DATEDIF(N38,TODAY(),"m"),0) -> 13 | AH38: =AG38*3 -> 39 | AI38: =IF(Q38>0,DATEDIF(Q38,TODAY(),"m"),0) -> 0 | AJ38: =AI38*6 -> 0 | AK38: =IF(T38>0,10,0) -> 10 | AL38: =IF(T38>0,DATEDIF(T38,TODAY(),"m"),0) -> 30 | AM38: =AL38*6 -> 180 | AN38: =IF(V38>0,10,0) -> 0 | AO38: =IF(V38>0,DATEDIF(V38,TODAY(),"m"),0) -> 0 | AP38: =AO38*6 -> 0 | AQ38: =IF(X38>0,10,0) -> 0 | AR38: =IF(X38>0,DATEDIF(X38,TODAY(),"m"),0) -> 0 | AS38: =AR38*6 -> 0 | AT38: =VLOOKUP(B38,经历时间!A:B,2,FALSE) -> 2404.41 | AU38: =IF(Q38>0,AT38*0.1,0) -> 0 | AV38: =IF(I38>0,DATEDIF(I38,TODAY(),"m"),0) -> 70 | AW38: 3 | AY38: =IFERROR(VLOOKUP(B38,'兼职+帮忙'!B:AF,28,FALSE),0) -> 1
A39: 259798 | B39: 何立军 | C39: =VLOOKUP(B39,'姓名+分部'!A:B,2,FALSE) -> 一分部 | D39: B | E39: =IF(Q39>0,RANK(Y39,Y$2:Y$133),"无排名") -> 无排名 | F39: =IF(AND(Y39>1000,Q39>0,T39>0,V39>0,AV39>48,AI39>3),"可流转","继续培训") -> 继续培训 | G39: =IF(N39>0,"不考核",IF(K39>0,"B",IF(I39>0,"A2",IF(I39=0,"学员",NA())))) -> 不考核 | H39: =_xlfn.IFS(N39>0,"完成考核",K39>0,K39+390,I39>0,I39+120) -> 完成考核 | I39: 44025 | J39: =IF($I39>0,IF(K39>0,DATEDIF(I39,K39,"m"),"未完成"),"学员") -> 5 | K39: 44200 | L39: =IF($I39>0,IF(N39>0,DATEDIF(I39,N39,"m"),"未完成"),"学员") -> 45 | M39: =IF($I39>0,IF(N39>0,DATEDIF(K39,N39,"m"),"未完成"),"学员") -> 40 | N39: 45419 | O39: =IF($I39>0,IF(Q39>0,DATEDIF(I39,Q39,"m"),"未完成"),"学员") -> 未完成 | P39: =IF($I39>0,IF(Q39>0,DATEDIF(N39,Q39,"m"),"未完成"),"学员") -> 未完成 | S39: =IF($I39>0,IF(T39>0,DATEDIF(I39,T39,"m"),"未完成"),"学员") -> 36 | T39: 45140 | U39: =IF($I39>0,IF(V39>0,DATEDIF(I39,V39,"m"),"未完成"),"学员") -> 未完成 | W39: =IF($I39>0,IF(X39>0,DATEDIF(I39,X39,"m"),"未完成"),"学员") -> 53 | X39: 45667 | Y39: =AA39+AC39+AE39+AH39+AJ39+AM39+AP39+AS39+AW39+AX39+AY39+AU39 -> 307 | Z39: 否 | AA39: =IF(Z39="是",5,0) -> 0 | AB39: 否 | AC39: =IF(AB39="是",10,0) -> 0 | AD39: 是 | AE39: =IF(AD39="是",5,0) -> 5 | AF39: =COUNTA(K39,N39,Q39,R39)*10 -> 20 | AG39: =IF(N39>0,DATEDIF(N39,TODAY(),"m"),0) -> 20 | AH39: =AG39*3 -> 60 | AI39: =IF(Q39>0,DATEDIF(Q39,TODAY(),"m"),0) -> 0 | AJ39: =AI39*6 -> 0 | AK39: =IF(T39>0,10,0) -> 10 | AL39: =IF(T39>0,DATEDIF(T39,TODAY(),"m"),0) -> 29 | AM39: =AL39*6 -> 174 | AN39: =IF(V39>0,10,0) -> 0 | AO39: =IF(V39>0,DATEDIF(V39,TODAY(),"m"),0) -> 0 | AP39: =AO39*6 -> 0 | AQ39: =IF(X39>0,10,0) -> 10 | AR39: =IF(X39>0,DATEDIF(X39,TODAY(),"m"),0) -> 12 | AS39: =AR39*6 -> 72 | AT39: =VLOOKUP(B39,经历时间!A:B,2,FALSE) -> 1914.39 | AU39: =IF(Q39>0,AT39*0.1,0) -> 0 | AV39: =IF(I39>0,DATEDIF(I39,TODAY(),"m"),0) -> 66 | AW39: -4 | AY39: =IFERROR(VLOOKUP(B39,'兼职+帮忙'!B:AF,28,FALSE),0) -> 0
A40: 247695 | B40: 刘洋 | C40: =VLOOKUP(B40,'姓名+分部'!A:B,2,FALSE) -> 一分部 | D40: B | E40: =IF(Q40>0,RANK(Y40,Y$2:Y$133),"无排名") -> 无排名 | F40: =IF(AND(Y40>1000,Q40>0,T40>0,V40>0,AV40>48,AI40>3),"可流转","继续培训") -> 继续培训 | G40: =IF(N40>0,"不考核",IF(K40>0,"B",IF(I40>0,"A2",IF(I40=0,"学员",NA())))) -> 不考核 | H40: =_xlfn.IFS(N40>0,"完成考核",K40>0,K40+390,I40>0,I40+120) -> 完成考核 | I40: 43787 | J40: =IF($I40>0,IF(K40>0,DATEDIF(I40,K40,"m"),"未完成"),"学员") -> 4 | K40: 43928 | L40: =IF($I40>0,IF(N40>0,DATEDIF(I40,N40,"m"),"未完成"),"学员") -> 58 | M40: =IF($I40>0,IF(N40>0,DATEDIF(K40,N40,"m"),"未完成"),"学员") -> 53 | N40: 45561 | O40: =IF($I40>0,IF(Q40>0,DATEDIF(I40,Q40,"m"),"未完成"),"学员") -> 未完成 | P40: =IF($I40>0,IF(Q40>0,DATEDIF(N40,Q40,"m"),"未完成"),"学员") -> 未完成 | S40: =IF($I40>0,IF(T40>0,DATEDIF(I40,T40,"m"),"未完成"),"学员") -> 45 | T40: 45180 | U40: =IF($I40>0,IF(V40>0,DATEDIF(I40,V40,"m"),"未完成"),"学员") -> 未完成 | W40: =IF($I40>0,IF(X40>0,DATEDIF(I40,X40,"m"),"未完成"),"学员") -> 未完成 | Y40: =AA40+AC40+AE40+AH40+AJ40+AM40+AP40+AS40+AW40+AX40+AY40+AU40 -> 228 | Z40: 是 | AA40: =IF(Z40="是",5,0) -> 5 | AB40: 是 | AC40: =IF(AB40="是",10,0) -> 10 | AD40: 是 | AE40: =IF(AD40="是",5,0) -> 5 | AF40: =COUNTA(K40,N40,Q40,R40)*10 -> 20 | AG40: =IF(N40>0,DATEDIF(N40,TODAY(),"m"),0) -> 15 | AH40: =AG40*3 -> 45 | AI40: =IF(Q40>0,DATEDIF(Q40,TODAY(),"m"),0) -> 0 | AJ40: =AI40*6 -> 0 | AK40: =IF(T40>0,10,0) -> 10 | AL40: =IF(T40>0,DATEDIF(T40,TODAY(),"m"),0) -> 28 | AM40: =AL40*6 -> 168 | AN40: =IF(V40>0,10,0) -> 0 | AO40: =IF(V40>0,DATEDIF(V40,TODAY(),"m"),0) -> 0 | AP40: =AO40*6 -> 0 | AQ40: =IF(X40>0,10,0) -> 0 | AR40: =IF(X40>0,DATEDIF(X40,TODAY(),"m"),0) -> 0 | AS40: =AR40*6 -> 0 | AT40: =VLOOKUP(B40,经历时间!A:B,2,FALSE) -> 2255.32 | AU40: =IF(Q40>0,AT40*0.1,0) -> 0 | AV40: =IF(I40>0,DATEDIF(I40,TODAY(),"m"),0) -> 73 | AW40: -5 | AY40: =IFERROR(VLOOKUP(B40,'兼职+帮忙'!B:AF,28,FALSE),0) -> 0
A41: 271943 | B41: 周锐豪 | C41: =VLOOKUP(B41,'姓名+分部'!A:B,2,FALSE) -> 一分部 | D41: B | E41: =IF(Q41>0,RANK(Y41,Y$2:Y$133),"无排名") -> 无排名 | F41: =IF(AND(Y41>1000,Q41>0,T41>0,V41>0,AV41>48,AI41>3),"可流转","继续培训") -> 继续培训 | G41: =IF(N41>0,"不考核",IF(K41>0,"B",IF(I41>0,"A2",IF(I41=0,"学员",NA())))) -> 不考核 | H41: =_xlfn.IFS(N41>0,"完成考核",K41>0,K41+390,I41>0,I41+120) -> 完成考核 | I41: 44641 | J41: =IF($I41>0,IF(K41>0,DATEDIF(I41,K41,"m"),"未完成"),"学员") -> 10 | K41: 44947 | L41: =IF($I41>0,IF(N41>0,DATEDIF(I41,N41,"m"),"未完成"),"学员") -> 29 | M41: =IF($I41>0,IF(N41>0,DATEDIF(K41,N41,"m"),"未完成"),"学员") -> 19 | N41: 45532 | O41: =IF($I41>0,IF(Q41>0,DATEDIF(I41,Q41,"m"),"未完成"),"学员") -> 未完成 | P41: =IF($I41>0,IF(Q41>0,DATEDIF(N41,Q41,"m"),"未完成"),"学员") -> 未完成 | S41: =IF($I41>0,IF(T41>0,DATEDIF(I41,T41,"m"),"未完成"),"学员") -> 未完成 | U41: =IF($I41>0,IF(V41>0,DATEDIF(I41,V41,"m"),"未完成"),"学员") -> 22 | V41: 45318 | W41: =IF($I41>0,IF(X41>0,DATEDIF(I41,X41,"m"),"未完成"),"学员") -> 未完成 | Y41: =AA41+AC41+AE41+AH41+AJ41+AM41+AP41+AS41+AW41+AX41+AY41+AU41 -> 206 | Z41: 是 | AA41: =IF(Z41="是",5,0) -> 5 | AB41: 是 | AC41: =IF(AB41="是",10,0) -> 10 | AD41: 是 | AE41: =IF(AD41="是",5,0) -> 5 | AF41: =COUNTA(K41,N41,Q41,R41)*10 -> 20 | AG41: =IF(N41>0,DATEDIF(N41,TODAY(),"m"),0) -> 16 | AH41: =AG41*3 -> 48 | AI41: =IF(Q41>0,DATEDIF(Q41,TODAY(),"m"),0) -> 0 | AJ41: =AI41*6 -> 0 | AK41: =IF(T41>0,10,0) -> 0 | AL41: =IF(T41>0,DATEDIF(T41,TODAY(),"m"),0) -> 0 | AM41: =AL41*6 -> 0 | AN41: =IF(V41>0,10,0) -> 10 | AO41: =IF(V41>0,DATEDIF(V41,TODAY(),"m"),0) -> 23 | AP41: =AO41*6 -> 138 | AQ41: =IF(X41>0,10,0) -> 0 | AR41: =IF(X41>0,DATEDIF(X41,TODAY(),"m"),0) -> 0 | AS41: =AR41*6 -> 0 | AT41: =VLOOKUP(B41,经历时间!A:B,2,FALSE) -> 1702.39 | AU41: =IF(Q41>0,AT41*0.1,0) -> 0 | AV41: =IF(I41>0,DATEDIF(I41,TODAY(),"m"),0) -> 45 | AW41: 0 | AY41: =IFERROR(VLOOKUP(B41,'兼职+帮忙'!B:AF,28,FALSE),0) -> 0
A42: 270784 | B42: 陈兆铭 | C42: =VLOOKUP(B42,'姓名+分部'!A:B,2,FALSE) -> 二分部 | D42: B | E42: =IF(Q42>0,RANK(Y42,Y$2:Y$133),"无排名") -> 无排名 | F42: =IF(AND(Y42>1000,Q42>0,T42>0,V42>0,AV42>48,AI42>3),"可流转","继续培训") -> 继续培训 | G42: =IF(N42>0,"不考核",IF(K42>0,"B",IF(I42>0,"A2",IF(I42=0,"学员",NA())))) -> 不考核 | H42: =_xlfn.IFS(N42>0,"完成考核",K42>0,K42+390,I42>0,I42+120) -> 完成考核 | I42: 44539 | J42: =IF($I42>0,IF(K42>0,DATEDIF(I42,K42,"m"),"未完成"),"学员") -> 14 | K42: 44985 | L42: =IF($I42>0,IF(N42>0,DATEDIF(I42,N42,"m"),"未完成"),"学员") -> 31 | M42: =IF($I42>0,IF(N42>0,DATEDIF(K42,N42,"m"),"未完成"),"学员") -> 17 | N42: 45510 | O42: =IF($I42>0,IF(Q42>0,DATEDIF(I42,Q42,"m"),"未完成"),"学员") -> 未完成 | P42: =IF($I42>0,IF(Q42>0,DATEDIF(N42,Q42,"m"),"未完成"),"学员") -> 未完成 | S42: =IF($I42>0,IF(T42>0,DATEDIF(I42,T42,"m"),"未完成"),"学员") -> 未完成 | U42: =IF($I42>0,IF(V42>0,DATEDIF(I42,V42,"m"),"未完成"),"学员") -> 25 | V42: 45307 | W42: =IF($I42>0,IF(X42>0,DATEDIF(I42,X42,"m"),"未完成"),"学员") -> 未完成 | Y42: =AA42+AC42+AE42+AH42+AJ42+AM42+AP42+AS42+AW42+AX42+AY42+AU42 -> 215 | Z42: 是 | AA42: =IF(Z42="是",5,0) -> 5 | AB42: 是 | AC42: =IF(AB42="是",10,0) -> 10 | AD42: 是 | AE42: =IF(AD42="是",5,0) -> 5 | AF42: =COUNTA(K42,N42,Q42,R42)*10 -> 20 | AG42: =IF(N42>0,DATEDIF(N42,TODAY(),"m"),0) -> 17 | AH42: =AG42*3 -> 51 | AI42: =IF(Q42>0,DATEDIF(Q42,TODAY(),"m"),0) -> 0 | AJ42: =AI42*6 -> 0 | AK42: =IF(T42>0,10,0) -> 0 | AL42: =IF(T42>0,DATEDIF(T42,TODAY(),"m"),0) -> 0 | AM42: =AL42*6 -> 0 | AN42: =IF(V42>0,10,0) -> 10 | AO42: =IF(V42>0,DATEDIF(V42,TODAY(),"m"),0) -> 24 | AP42: =AO42*6 -> 144 | AQ42: =IF(X42>0,10,0) -> 0 | AR42: =IF(X42>0,DATEDIF(X42,TODAY(),"m"),0) -> 0 | AS42: =AR42*6 -> 0 | AT42: =VLOOKUP(B42,经历时间!A:B,2,FALSE) -> 1604.05 | AU42: =IF(Q42>0,AT42*0.1,0) -> 0 | AV42: =IF(I42>0,DATEDIF(I42,TODAY(),"m"),0) -> 49 | AW42: 0 | AY42: =IFERROR(VLOOKUP(B42,'兼职+帮忙'!B:AF,28,FALSE),0) -> 0
A43: 266499 | B43: 黄炳昊 | C43: =VLOOKUP(B43,'姓名+分部'!A:B,2,FALSE) -> 二分部 | D43: C | E43: =IF(Q43>0,RANK(Y43,Y$2:Y$133),"无排名") -> 28 | F43: =IF(AND(Y43>1000,Q43>0,T43>0,V43>0,AV43>48,AI43>3),"可流转","继续培训") -> 继续培训 | G43: =IF(N43>0,"不考核",IF(K43>0,"B",IF(I43>0,"A2",IF(I43=0,"学员",NA())))) -> 不考核 | H43: =_xlfn.IFS(N43>0,"完成考核",K43>0,K43+390,I43>0,I43+120) -> 完成考核 | I43: 44918 | J43: =IF($I43>0,IF(K43>0,DATEDIF(I43,K43,"m"),"未完成"),"学员") -> 13 | K43: 45340 | L43: =IF($I43>0,IF(N43>0,DATEDIF(I43,N43,"m"),"未完成"),"学员") -> 20 | M43: =IF($I43>0,IF(N43>0,DATEDIF(K43,N43,"m"),"未完成"),"学员") -> 6 | N43: 45542 | O43: =IF($I43>0,IF(Q43>0,DATEDIF(I43,Q43,"m"),"未完成"),"学员") -> 34 | P43: =IF($I43>0,IF(Q43>0,DATEDIF(N43,Q43,"m"),"未完成"),"学员") -> 13 | Q43: 45953 | S43: =IF($I43>0,IF(T43>0,DATEDIF(I43,T43,"m"),"未完成"),"学员") -> 13 | T43: 45340 | U43: =IF($I43>0,IF(V43>0,DATEDIF(I43,V43,"m"),"未完成"),"学员") -> 27 | V43: 45761 | W43: =IF($I43>0,IF(X43>0,DATEDIF(I43,X43,"m"),"未完成"),"学员") -> 26 | X43: 45720 | Y43: =AA43+AC43+AE43+AH43+AJ43+AM43+AP43+AS43+AW43+AX43+AY43+AU43 -> 473.644 | Z43: 是 | AA43: =IF(Z43="是",5,0) -> 5 | AB43: 是 | AC43: =IF(AB43="是",10,0) -> 10 | AD43: 是 | AE43: =IF(AD43="是",5,0) -> 5 | AF43: =COUNTA(K43,N43,Q43,R43)*10 -> 30 | AG43: =IF(N43>0,DATEDIF(N43,TODAY(),"m"),0) -> 16 | AH43: =AG43*3 -> 48 | AI43: =IF(Q43>0,DATEDIF(Q43,TODAY(),"m"),0) -> 2 | AJ43: =AI43*6 -> 12 | AK43: =IF(T43>0,10,0) -> 10 | AL43: =IF(T43>0,DATEDIF(T43,TODAY(),"m"),0) -> 22 | AM43: =AL43*6 -> 132 | AN43: =IF(V43>0,10,0) -> 10 | AO43: =IF(V43>0,DATEDIF(V43,TODAY(),"m"),0) -> 9 | AP43: =AO43*6 -> 54 | AQ43: =IF(X43>0,10,0) -> 10 | AR43: =IF(X43>0,DATEDIF(X43,TODAY(),"m"),0) -> 10 | AS43: =AR43*6 -> 60 | AT43: =VLOOKUP(B43,经历时间!A:B,2,FALSE) -> 1476.44 | AU43: =IF(Q43>0,AT43*0.1,0) -> 147.644 | AV43: =IF(I43>0,DATEDIF(I43,TODAY(),"m"),0) -> 36 | AW43: 0 | AY43: =IFERROR(VLOOKUP(B43,'兼职+帮忙'!B:AF,28,FALSE),0) -> 0
A44: 271938 | B44: 彭田 | C44: =VLOOKUP(B44,'姓名+分部'!A:B,2,FALSE) -> 二分部 | D44: C | E44: =IF(Q44>0,RANK(Y44,Y$2:Y$133),"无排名") -> 31 | F44: =IF(AND(Y44>1000,Q44>0,T44>0,V44>0,AV44>48,AI44>3),"可流转","继续培训") -> 继续培训 | G44: =IF(N44>0,"不考核",IF(K44>0,"B",IF(I44>0,"A2",IF(I44=0,"学员",NA())))) -> 不考核 | H44: =_xlfn.IFS(N44>0,"完成考核",K44>0,K44+390,I44>0,I44+120) -> 完成考核 | I44: 45160 | J44: =IF($I44>0,IF(K44>0,DATEDIF(I44,K44,"m"),"未完成"),"学员") -> 8 | K44: 45432 | L44: =IF($I44>0,IF(N44>0,DATEDIF(I44,N44,"m"),"未完成"),"学员") -> 14 | M44: =IF($I44>0,IF(N44>0,DATEDIF(K44,N44,"m"),"未完成"),"学员") -> 5 | N44: 45603 | O44: =IF($I44>0,IF(Q44>0,DATEDIF(I44,Q44,"m"),"未完成"),"学员") -> 25 | P44: =IF($I44>0,IF(Q44>0,DATEDIF(N44,Q44,"m"),"未完成"),"学员") -> 10 | Q44: 45924 | S44: =IF($I44>0,IF(T44>0,DATEDIF(I44,T44,"m"),"未完成"),"学员") -> 7 | T44: 45380 | U44: =IF($I44>0,IF(V44>0,DATEDIF(I44,V44,"m"),"未完成"),"学员") -> 未完成 | W44: =IF($I44>0,IF(X44>0,DATEDIF(I44,X44,"m"),"未完成"),"学员") -> 未完成 | Y44: =AA44+AC44+AE44+AH44+AJ44+AM44+AP44+AS44+AW44+AX44+AY44+AU44 -> 368.25 | Z44: 是 | AA44: =IF(Z44="是",5,0) -> 5 | AB44: 是 | AC44: =IF(AB44="是",10,0) -> 10 | AD44: 是 | AE44: =IF(AD44="是",5,0) -> 5 | AF44: =COUNTA(K44,N44,Q44,R44)*10 -> 30 | AG44: =IF(N44>0,DATEDIF(N44,TODAY(),"m"),0) -> 14 | AH44: =AG44*3 -> 42 | AI44: =IF(Q44>0,DATEDIF(Q44,TODAY(),"m"),0) -> 3 | AJ44: =AI44*6 -> 18 | AK44: =IF(T44>0,10,0) -> 10 | AL44: =IF(T44>0,DATEDIF(T44,TODAY(),"m"),0) -> 21 | AM44: =AL44*6 -> 126 | AN44: =IF(V44>0,10,0) -> 0 | AO44: =IF(V44>0,DATEDIF(V44,TODAY(),"m"),0) -> 0 | AP44: =AO44*6 -> 0 | AQ44: =IF(X44>0,10,0) -> 0 | AR44: =IF(X44>0,DATEDIF(X44,TODAY(),"m"),0) -> 0 | AS44: =AR44*6 -> 0 | AT44: =VLOOKUP(B44,经历时间!A:B,2,FALSE) -> 1622.5 | AU44: =IF(Q44>0,AT44*0.1,0) -> 162.25 | AV44: =IF(I44>0,DATEDIF(I44,TODAY(),"m"),0) -> 28 | AW44: 0 | AY44: =IFERROR(VLOOKUP(B44,'兼职+帮忙'!B:AF,28,FALSE),0) -> 0
A45: 279512 | B45: 梁华杨 | C45: =VLOOKUP(B45,'姓名+分部'!A:B,2,FALSE) -> 三分部 | D45: B | E45: =IF(Q45>0,RANK(Y45,Y$2:Y$133),"无排名") -> 无排名 | F45: =IF(AND(Y45>1000,Q45>0,T45>0,V45>0,AV45>48,AI45>3),"可流转","继续培训") -> 继续培训 | G45: =IF(N45>0,"不考核",IF(K45>0,"B",IF(I45>0,"A2",IF(I45=0,"学员",NA())))) -> 不考核 | H45: =_xlfn.IFS(N45>0,"完成考核",K45>0,K45+390,I45>0,I45+120) -> 完成考核 | I45: 45018 | J45: =IF($I45>0,IF(K45>0,DATEDIF(I45,K45,"m"),"未完成"),"学员") -> 18 | K45: 45577 | L45: =IF($I45>0,IF(N45>0,DATEDIF(I45,N45,"m"),"未完成"),"学员") -> 26 | M45: =IF($I45>0,IF(N45>0,DATEDIF(K45,N45,"m"),"未完成"),"学员") -> 7 | N45: 45812 | O45: =IF($I45>0,IF(Q45>0,DATEDIF(I45,Q45,"m"),"未完成"),"学员") -> 未完成 | P45: =IF($I45>0,IF(Q45>0,DATEDIF(N45,Q45,"m"),"未完成"),"学员") -> 未完成 | S45: =IF($I45>0,IF(T45>0,DATEDIF(I45,T45,"m"),"未完成"),"学员") -> 15 | T45: 45489 | U45: =IF($I45>0,IF(V45>0,DATEDIF(I45,V45,"m"),"未完成"),"学员") -> 未完成 | W45: =IF($I45>0,IF(X45>0,DATEDIF(I45,X45,"m"),"未完成"),"学员") -> 未完成 | Y45: =AA45+AC45+AE45+AH45+AJ45+AM45+AP45+AS45+AW45+AX45+AY45+AU45 -> 149 | Z45: 是 | AA45: =IF(Z45="是",5,0) -> 5 | AB45: 是 | AC45: =IF(AB45="是",10,0) -> 10 | AD45: 是 | AE45: =IF(AD45="是",5,0) -> 5 | AF45: =COUNTA(K45,N45,Q45,R45)*10 -> 20 | AG45: =IF(N45>0,DATEDIF(N45,TODAY(),"m"),0) -> 7 | AH45: =AG45*3 -> 21 | AI45: =IF(Q45>0,DATEDIF(Q45,TODAY(),"m"),0) -> 0 | AJ45: =AI45*6 -> 0 | AK45: =IF(T45>0,10,0) -> 10 | AL45: =IF(T45>0,DATEDIF(T45,TODAY(),"m"),0) -> 18 | AM45: =AL45*6 -> 108 | AN45: =IF(V45>0,10,0) -> 0 | AO45: =IF(V45>0,DATEDIF(V45,TODAY(),"m"),0) -> 0 | AP45: =AO45*6 -> 0 | AQ45: =IF(X45>0,10,0) -> 0 | AR45: =IF(X45>0,DATEDIF(X45,TODAY(),"m"),0) -> 0 | AS45: =AR45*6 -> 0 | AT45: =VLOOKUP(B45,经历时间!A:B,2,FALSE) -> 1268.29 | AU45: =IF(Q45>0,AT45*0.1,0) -> 0 | AV45: =IF(I45>0,DATEDIF(I45,TODAY(),"m"),0) -> 33 | AW45: 0 | AY45: =IFERROR(VLOOKUP(B45,'兼职+帮忙'!B:AF,28,FALSE),0) -> 0
A46: 258464 | B46: 陈祥琛 | C46: =VLOOKUP(B46,'姓名+分部'!A:B,2,FALSE) -> 三分部 | D46: B | E46: =IF(Q46>0,RANK(Y46,Y$2:Y$133),"无排名") -> 无排名 | F46: =IF(AND(Y46>1000,Q46>0,T46>0,V46>0,AV46>48,AI46>3),"可流转","继续培训") -> 继续培训 | G46: =IF(N46>0,"不考核",IF(K46>0,"B",IF(I46>0,"A2",IF(I46=0,"学员",NA())))) -> 不考核 | H46: =_xlfn.IFS(N46>0,"完成考核",K46>0,K46+390,I46>0,I46+120) -> 完成考核 | I46: 43997 | J46: =IF($I46>0,IF(K46>0,DATEDIF(I46,K46,"m"),"未完成"),"学员") -> 3 | K46: 44108 | L46: =IF($I46>0,IF(N46>0,DATEDIF(I46,N46,"m"),"未完成"),"学员") -> 59 | M46: =IF($I46>0,IF(N46>0,DATEDIF(K46,N46,"m"),"未完成"),"学员") -> 56 | N46: 45818 | O46: =IF($I46>0,IF(Q46>0,DATEDIF(I46,Q46,"m"),"未完成"),"学员") -> 未完成 | P46: =IF($I46>0,IF(Q46>0,DATEDIF(N46,Q46,"m"),"未完成"),"学员") -> 未完成 | S46: =IF($I46>0,IF(T46>0,DATEDIF(I46,T46,"m"),"未完成"),"学员") -> 46 | T46: 45418 | U46: =IF($I46>0,IF(V46>0,DATEDIF(I46,V46,"m"),"未完成"),"学员") -> 未完成 | W46: =IF($I46>0,IF(X46>0,DATEDIF(I46,X46,"m"),"未完成"),"学员") -> 未完成 | Y46: =AA46+AC46+AE46+AH46+AJ46+AM46+AP46+AS46+AW46+AX46+AY46+AU46 -> 163.5 | Z46: 是 | AA46: =IF(Z46="是",5,0) -> 5 | AB46: 是 | AC46: =IF(AB46="是",10,0) -> 10 | AD46: 是 | AE46: =IF(AD46="是",5,0) -> 5 | AF46: =COUNTA(K46,N46,Q46,R46)*10 -> 20 | AG46: =IF(N46>0,DATEDIF(N46,TODAY(),"m"),0) -> 7 | AH46: =AG46*3 -> 21 | AI46: =IF(Q46>0,DATEDIF(Q46,TODAY(),"m"),0) -> 0 | AJ46: =AI46*6 -> 0 | AK46: =IF(T46>0,10,0) -> 10 | AL46: =IF(T46>0,DATEDIF(T46,TODAY(),"m"),0) -> 20 | AM46: =AL46*6 -> 120 | AN46: =IF(V46>0,10,0) -> 0 | AO46: =IF(V46>0,DATEDIF(V46,TODAY(),"m"),0) -> 0 | AP46: =AO46*6 -> 0 | AQ46: =IF(X46>0,10,0) -> 0 | AR46: =IF(X46>0,DATEDIF(X46,TODAY(),"m"),0) -> 0 | AS46: =AR46*6 -> 0 | AT46: =VLOOKUP(B46,经历时间!A:B,2,FALSE) -> 2375.35 | AU46: =IF(Q46>0,AT46*0.1,0) -> 0 | AV46: =IF(I46>0,DATEDIF(I46,TODAY(),"m"),0) -> 67 | AW46: 2.5 | AY46: =IFERROR(VLOOKUP(B46,'兼职+帮忙'!B:AF,28,FALSE),0) -> 0
A47: 211631 | B47: 周浩良 | C47: =VLOOKUP(B47,'姓名+分部'!A:B,2,FALSE) -> 一分部 | D47: B | E47: =IF(Q47>0,RANK(Y47,Y$2:Y$133),"无排名") -> 无排名 | F47: =IF(AND(Y47>1000,Q47>0,T47>0,V47>0,AV47>48,AI47>3),"可流转","继续培训") -> 继续培训 | G47: =IF(N47>0,"不考核",IF(K47>0,"B",IF(I47>0,"A2",IF(I47=0,"学员",NA())))) -> 不考核 | H47: =_xlfn.IFS(N47>0,"完成考核",K47>0,K47+390,I47>0,I47+120) -> 完成考核 | I47: 44711 | J47: =IF($I47>0,IF(K47>0,DATEDIF(I47,K47,"m"),"未完成"),"学员") -> 12 | K47: 45105 | L47: =IF($I47>0,IF(N47>0,DATEDIF(I47,N47,"m"),"未完成"),"学员") -> 31 | M47: =IF($I47>0,IF(N47>0,DATEDIF(K47,N47,"m"),"未完成"),"学员") -> 18 | N47: 45680 | O47: =IF($I47>0,IF(Q47>0,DATEDIF(I47,Q47,"m"),"未完成"),"学员") -> 未完成 | P47: =IF($I47>0,IF(Q47>0,DATEDIF(N47,Q47,"m"),"未完成"),"学员") -> 未完成 | S47: =IF($I47>0,IF(T47>0,DATEDIF(I47,T47,"m"),"未完成"),"学员") -> 22 | T47: 45389 | U47: =IF($I47>0,IF(V47>0,DATEDIF(I47,V47,"m"),"未完成"),"学员") -> 未完成 | W47: =IF($I47>0,IF(X47>0,DATEDIF(I47,X47,"m"),"未完成"),"学员") -> 未完成 | Y47: =AA47+AC47+AE47+AH47+AJ47+AM47+AP47+AS47+AW47+AX47+AY47+AU47 -> 179 | Z47: 是 | AA47: =IF(Z47="是",5,0) -> 5 | AB47: 是 | AC47: =IF(AB47="是",10,0) -> 10 | AD47: 是 | AE47: =IF(AD47="是",5,0) -> 5 | AF47: =COUNTA(K47,N47,Q47,R47)*10 -> 20 | AG47: =IF(N47>0,DATEDIF(N47,TODAY(),"m"),0) -> 11 | AH47: =AG47*3 -> 33 | AI47: =IF(Q47>0,DATEDIF(Q47,TODAY(),"m"),0) -> 0 | AJ47: =AI47*6 -> 0 | AK47: =IF(T47>0,10,0) -> 10 | AL47: =IF(T47>0,DATEDIF(T47,TODAY(),"m"),0) -> 21 | AM47: =AL47*6 -> 126 | AN47: =IF(V47>0,10,0) -> 0 | AO47: =IF(V47>0,DATEDIF(V47,TODAY(),"m"),0) -> 0 | AP47: =AO47*6 -> 0 | AQ47: =IF(X47>0,10,0) -> 0 | AR47: =IF(X47>0,DATEDIF(X47,TODAY(),"m"),0) -> 0 | AS47: =AR47*6 -> 0 | AT47: =VLOOKUP(B47,经历时间!A:B,2,FALSE) -> 6372.06 | AU47: =IF(Q47>0,AT47*0.1,0) -> 0 | AV47: =IF(I47>0,DATEDIF(I47,TODAY(),"m"),0) -> 43 | AW47: 0 | AY47: =IFERROR(VLOOKUP(B47,'兼职+帮忙'!B:AF,28,FALSE),0) -> 0
A48: 270795 | B48: 王晨旭 | C48: =VLOOKUP(B48,'姓名+分部'!A:B,2,FALSE) -> 一分部 | D48: B | E48: =IF(Q48>0,RANK(Y48,Y$2:Y$133),"无排名") -> 无排名 | F48: =IF(AND(Y48>1000,Q48>0,T48>0,V48>0,AV48>48,AI48>3),"可流转","继续培训") -> 继续培训 | G48: =IF(N48>0,"不考核",IF(K48>0,"B",IF(I48>0,"A2",IF(I48=0,"学员",NA())))) -> 不考核 | H48: =_xlfn.IFS(N48>0,"完成考核",K48>0,K48+390,I48>0,I48+120) -> 完成考核 | I48: 45004 | J48: =IF($I48>0,IF(K48>0,DATEDIF(I48,K48,"m"),"未完成"),"学员") -> 10 | K48: 45340 | L48: =IF($I48>0,IF(N48>0,DATEDIF(I48,N48,"m"),"未完成"),"学员") -> 21 | M48: =IF($I48>0,IF(N48>0,DATEDIF(K48,N48,"m"),"未完成"),"学员") -> 10 | N48: 45646 | O48: =IF($I48>0,IF(Q48>0,DATEDIF(I48,Q48,"m"),"未完成"),"学员") -> 未完成 | P48: =IF($I48>0,IF(Q48>0,DATEDIF(N48,Q48,"m"),"未完成"),"学员") -> 未完成 | S48: =IF($I48>0,IF(T48>0,DATEDIF(I48,T48,"m"),"未完成"),"学员") -> 19 | T48: 45591 | U48: =IF($I48>0,IF(V48>0,DATEDIF(I48,V48,"m"),"未完成"),"学员") -> 未完成 | W48: =IF($I48>0,IF(X48>0,DATEDIF(I48,X48,"m"),"未完成"),"学员") -> 未完成 | Y48: =AA48+AC48+AE48+AH48+AJ48+AM48+AP48+AS48+AW48+AX48+AY48+AU48 -> 135.1 | Z48: 是 | AA48: =IF(Z48="是",5,0) -> 5 | AB48: 是 | AC48: =IF(AB48="是",10,0) -> 10 | AD48: 是 | AE48: =IF(AD48="是",5,0) -> 5 | AF48: =COUNTA(K48,N48,Q48,R48)*10 -> 20 | AG48: =IF(N48>0,DATEDIF(N48,TODAY(),"m"),0) -> 12 | AH48: =AG48*3 -> 36 | AI48: =IF(Q48>0,DATEDIF(Q48,TODAY(),"m"),0) -> 0 | AJ48: =AI48*6 -> 0 | AK48: =IF(T48>0,10,0) -> 10 | AL48: =IF(T48>0,DATEDIF(T48,TODAY(),"m"),0) -> 14 | AM48: =AL48*6 -> 84 | AN48: =IF(V48>0,10,0) -> 0 | AO48: =IF(V48>0,DATEDIF(V48,TODAY(),"m"),0) -> 0 | AP48: =AO48*6 -> 0 | AQ48: =IF(X48>0,10,0) -> 0 | AR48: =IF(X48>0,DATEDIF(X48,TODAY(),"m"),0) -> 0 | AS48: =AR48*6 -> 0 | AT48: =VLOOKUP(B48,经历时间!A:B,2,FALSE) -> 1224.18 | AU48: =IF(Q48>0,AT48*0.1,0) -> 0 | AV48: =IF(I48>0,DATEDIF(I48,TODAY(),"m"),0) -> 33 | AW48: 0.1 | AX48: -5 | AY48: =IFERROR(VLOOKUP(B48,'兼职+帮忙'!B:AF,28,FALSE),0) -> 0
A49: 273293 | B49: 苏逸海 | C49: =VLOOKUP(B49,'姓名+分部'!A:B,2,FALSE) -> 三分部 | D49: B | E49: =IF(Q49>0,RANK(Y49,Y$2:Y$133),"无排名") -> 无排名 | F49: =IF(AND(Y49>1000,Q49>0,T49>0,V49>0,AV49>48,AI49>3),"可流转","继续培训") -> 继续培训 | G49: =IF(N49>0,"不考核",IF(K49>0,"B",IF(I49>0,"A2",IF(I49=0,"学员",NA())))) -> 不考核 | H49: =_xlfn.IFS(N49>0,"完成考核",K49>0,K49+390,I49>0,I49+120) -> 完成考核 | I49: 45019 | J49: =IF($I49>0,IF(K49>0,DATEDIF(I49,K49,"m"),"未完成"),"学员") -> 3 | K49: 45137 | L49: =IF($I49>0,IF(N49>0,DATEDIF(I49,N49,"m"),"未完成"),"学员") -> 24 | M49: =IF($I49>0,IF(N49>0,DATEDIF(K49,N49,"m"),"未完成"),"学员") -> 20 | N49: 45761 | O49: =IF($I49>0,IF(Q49>0,DATEDIF(I49,Q49,"m"),"未完成"),"学员") -> 未完成 | P49: =IF($I49>0,IF(Q49>0,DATEDIF(N49,Q49,"m"),"未完成"),"学员") -> 未完成 | S49: =IF($I49>0,IF(T49>0,DATEDIF(I49,T49,"m"),"未完成"),"学员") -> 未完成 | U49: =IF($I49>0,IF(V49>0,DATEDIF(I49,V49,"m"),"未完成"),"学员") -> 17 | V49: 45559 | W49: =IF($I49>0,IF(X49>0,DATEDIF(I49,X49,"m"),"未完成"),"学员") -> 未完成 | Y49: =AA49+AC49+AE49+AH49+AJ49+AM49+AP49+AS49+AW49+AX49+AY49+AU49 -> 148 | Z49: 是 | AA49: =IF(Z49="是",5,0) -> 5 | AB49: 是 | AC49: =IF(AB49="是",10,0) -> 10 | AD49: 是 | AE49: =IF(AD49="是",5,0) -> 5 | AF49: =COUNTA(K49,N49,Q49,R49)*10 -> 20 | AG49: =IF(N49>0,DATEDIF(N49,TODAY(),"m"),0) -> 9 | AH49: =AG49*3 -> 27 | AI49: =IF(Q49>0,DATEDIF(Q49,TODAY(),"m"),0) -> 0 | AJ49: =AI49*6 -> 0 | AK49: =IF(T49>0,10,0) -> 0 | AL49: =IF(T49>0,DATEDIF(T49,TODAY(),"m"),0) -> 0 | AM49: =AL49*6 -> 0 | AN49: =IF(V49>0,10,0) -> 10 | AO49: =IF(V49>0,DATEDIF(V49,TODAY(),"m"),0) -> 15 | AP49: =AO49*6 -> 90 | AQ49: =IF(X49>0,10,0) -> 0 | AR49: =IF(X49>0,DATEDIF(X49,TODAY(),"m"),0) -> 0 | AS49: =AR49*6 -> 0 | AT49: =VLOOKUP(B49,经历时间!A:B,2,FALSE) -> 1259.54 | AU49: =IF(Q49>0,AT49*0.1,0) -> 0 | AV49: =IF(I49>0,DATEDIF(I49,TODAY(),"m"),0) -> 33 | AW49: 11 | AY49: =IFERROR(VLOOKUP(B49,'兼职+帮忙'!B:AF,28,FALSE),0) -> 0
A50: 279453 | B50: 田凯文 | C50: =VLOOKUP(B50,'姓名+分部'!A:B,2,FALSE) -> 二分部 | D50: B | E50: =IF(Q50>0,RANK(Y50,Y$2:Y$133),"无排名") -> 无排名 | F50: =IF(AND(Y50>1000,Q50>0,T50>0,V50>0,AV50>48,AI50>3),"可流转","继续培训") -> 继续培训 | G50: =IF(N50>0,"不考核",IF(K50>0,"B",IF(I50>0,"A2",IF(I50=0,"学员",NA())))) -> 不考核 | H50: =_xlfn.IFS(N50>0,"完成考核",K50>0,K50+390,I50>0,I50+120) -> 完成考核 | I50: 45278 | J50: =IF($I50>0,IF(K50>0,DATEDIF(I50,K50,"m"),"未完成"),"学员") -> 12 | K50: 45653 | L50: =IF($I50>0,IF(N50>0,DATEDIF(I50,N50,"m"),"未完成"),"学员") -> 20 | M50: =IF($I50>0,IF(N50>0,DATEDIF(K50,N50,"m"),"未完成"),"学员") -> 8 | N50: 45896 | O50: =IF($I50>0,IF(Q50>0,DATEDIF(I50,Q50,"m"),"未完成"),"学员") -> 未完成 | P50: =IF($I50>0,IF(Q50>0,DATEDIF(N50,Q50,"m"),"未完成"),"学员") -> 未完成 | S50: =IF($I50>0,IF(T50>0,DATEDIF(I50,T50,"m"),"未完成"),"学员") -> 8 | T50: 45537 | U50: =IF($I50>0,IF(V50>0,DATEDIF(I50,V50,"m"),"未完成"),"学员") -> 19 | V50: 45864 | W50: =IF($I50>0,IF(X50>0,DATEDIF(I50,X50,"m"),"未完成"),"学员") -> 未完成 | Y50: =AA50+AC50+AE50+AH50+AJ50+AM50+AP50+AS50+AW50+AX50+AY50+AU50 -> 158 | Z50: 是 | AA50: =IF(Z50="是",5,0) -> 5 | AB50: 是 | AC50: =IF(AB50="是",10,0) -> 10 | AD50: 是 | AE50: =IF(AD50="是",5,0) -> 5 | AF50: =COUNTA(K50,N50,Q50,R50)*10 -> 20 | AG50: =IF(N50>0,DATEDIF(N50,TODAY(),"m"),0) -> 4 | AH50: =AG50*3 -> 12 | AI50: =IF(Q50>0,DATEDIF(Q50,TODAY(),"m"),0) -> 0 | AJ50: =AI50*6 -> 0 | AK50: =IF(T50>0,10,0) -> 10 | AL50: =IF(T50>0,DATEDIF(T50,TODAY(),"m"),0) -> 16 | AM50: =AL50*6 -> 96 | AN50: =IF(V50>0,10,0) -> 10 | AO50: =IF(V50>0,DATEDIF(V50,TODAY(),"m"),0) -> 5 | AP50: =AO50*6 -> 30 | AQ50: =IF(X50>0,10,0) -> 0 | AR50: =IF(X50>0,DATEDIF(X50,TODAY(),"m"),0) -> 0 | AS50: =AR50*6 -> 0 | AT50: =VLOOKUP(B50,经历时间!A:B,2,FALSE) -> 1136.51 | AU50: =IF(Q50>0,AT50*0.1,0) -> 0 | AV50: =IF(I50>0,DATEDIF(I50,TODAY(),"m"),0) -> 24 | AW50: 0 | AY50: =IFERROR(VLOOKUP(B50,'兼职+帮忙'!B:AF,28,FALSE),0) -> 0
A51: 282153 | B51: 王瑞丰 | C51: =VLOOKUP(B51,'姓名+分部'!A:B,2,FALSE) -> 一分部 | D51: C | E51: =IF(Q51>0,RANK(Y51,Y$2:Y$133),"无排名") -> 35 | F51: =IF(AND(Y51>1000,Q51>0,T51>0,V51>0,AV51>48,AI51>3),"可流转","继续培训") -> 继续培训 | G51: =IF(N51>0,"不考核",IF(K51>0,"B",IF(I51>0,"A2",IF(I51=0,"学员",NA())))) -> 不考核 | H51: =_xlfn.IFS(N51>0,"完成考核",K51>0,K51+390,I51>0,I51+120) -> 完成考核 | I51: 45142 | J51: =IF($I51>0,IF(K51>0,DATEDIF(I51,K51,"m"),"未完成"),"学员") -> 11 | K51: 45489 | L51: =IF($I51>0,IF(N51>0,DATEDIF(I51,N51,"m"),"未完成"),"学员") -> 17 | M51: =IF($I51>0,IF(N51>0,DATEDIF(K51,N51,"m"),"未完成"),"学员") -> 6 | N51: 45689 | O51: =IF($I51>0,IF(Q51>0,DATEDIF(I51,Q51,"m"),"未完成"),"学员") -> 26 | P51: =IF($I51>0,IF(Q51>0,DATEDIF(N51,Q51,"m"),"未完成"),"学员") -> 8 | Q51: 45946 | S51: =IF($I51>0,IF(T51>0,DATEDIF(I51,T51,"m"),"未完成"),"学员") -> 13 | T51: 45561 | U51: =IF($I51>0,IF(V51>0,DATEDIF(I51,V51,"m"),"未完成"),"学员") -> 20 | V51: 45777 | W51: =IF($I51>0,IF(X51>0,DATEDIF(I51,X51,"m"),"未完成"),"学员") -> 未完成 | Y51: =AA51+AC51+AE51+AH51+AJ51+AM51+AP51+AS51+AW51+AX51+AY51+AU51 -> 325.326 | Z51: 是 | AA51: =IF(Z51="是",5,0) -> 5 | AB51: 是 | AC51: =IF(AB51="是",10,0) -> 10 | AD51: 是 | AE51: =IF(AD51="是",5,0) -> 5 | AF51: =COUNTA(K51,N51,Q51,R51)*10 -> 30 | AG51: =IF(N51>0,DATEDIF(N51,TODAY(),"m"),0) -> 11 | AH51: =AG51*3 -> 33 | AI51: =IF(Q51>0,DATEDIF(Q51,TODAY(),"m"),0) -> 3 | AJ51: =AI51*6 -> 18 | AK51: =IF(T51>0,10,0) -> 10 | AL51: =IF(T51>0,DATEDIF(T51,TODAY(),"m"),0) -> 15 | AM51: =AL51*6 -> 90 | AN51: =IF(V51>0,10,0) -> 10 | AO51: =IF(V51>0,DATEDIF(V51,TODAY(),"m"),0) -> 8 | AP51: =AO51*6 -> 48 | AQ51: =IF(X51>0,10,0) -> 0 | AR51: =IF(X51>0,DATEDIF(X51,TODAY(),"m"),0) -> 0 | AS51: =AR51*6 -> 0 | AT51: =VLOOKUP(B51,经历时间!A:B,2,FALSE) -> 1163.26 | AU51: =IF(Q51>0,AT51*0.1,0) -> 116.326 | AV51: =IF(I51>0,DATEDIF(I51,TODAY(),"m"),0) -> 29 | AW51: 0 | AY51: =IFERROR(VLOOKUP(B51,'兼职+帮忙'!B:AF,28,FALSE),0) -> 0
A52: 285839 | B52: 尹培玉 | C52: =VLOOKUP(B52,'姓名+分部'!A:B,2,FALSE) -> 一分部 | D52: B | E52: =IF(Q52>0,RANK(Y52,Y$2:Y$133),"无排名") -> 无排名 | F52: =IF(AND(Y52>1000,Q52>0,T52>0,V52>0,AV52>48,AI52>3),"可流转","继续培训") -> 继续培训 | G52: A2 | H52: =_xlfn.IFS(N52>0,"完成考核",K52>0,K52+390,I52>0,I52+120) -> 完成考核 | I52: 45456 | J52: =IF($I52>0,IF(K52>0,DATEDIF(I52,K52,"m"),"未完成"),"学员") -> 7 | K52: 45679 | L52: =IF($I52>0,IF(N52>0,DATEDIF(I52,N52,"m"),"未完成"),"学员") -> 13 | M52: =IF($I52>0,IF(N52>0,DATEDIF(K52,N52,"m"),"未完成"),"学员") -> 6 | N52: 45860 | O52: =IF($I52>0,IF(Q52>0,DATEDIF(I52,Q52,"m"),"未完成"),"学员") -> 未完成 | P52: =IF($I52>0,IF(Q52>0,DATEDIF(N52,Q52,"m"),"未完成"),"学员") -> 未完成 | S52: =IF($I52>0,IF(T52>0,DATEDIF(I52,T52,"m"),"未完成"),"学员") -> 2 | T52: 45542 | U52: =IF($I52>0,IF(V52>0,DATEDIF(I52,V52,"m"),"未完成"),"学员") -> 未完成 | W52: =IF($I52>0,IF(X52>0,DATEDIF(I52,X52,"m"),"未完成"),"学员") -> 未完成 | Y52: =AA52+AC52+AE52+AH52+AJ52+AM52+AP52+AS52+AW52+AX52+AY52+AU52 -> 131 | Z52: 是 | AA52: =IF(Z52="是",5,0) -> 5 | AB52: 是 | AC52: =IF(AB52="是",10,0) -> 10 | AD52: 是 | AE52: =IF(AD52="是",5,0) -> 5 | AF52: =COUNTA(K52,N52,Q52,R52)*10 -> 20 | AG52: =IF(N52>0,DATEDIF(N52,TODAY(),"m"),0) -> 5 | AH52: =AG52*3 -> 15 | AI52: =IF(Q52>0,DATEDIF(Q52,TODAY(),"m"),0) -> 0 | AJ52: =AI52*6 -> 0 | AK52: =IF(T52>0,10,0) -> 10 | AL52: =IF(T52>0,DATEDIF(T52,TODAY(),"m"),0) -> 16 | AM52: =AL52*6 -> 96 | AN52: =IF(V52>0,10,0) -> 0 | AO52: =IF(V52>0,DATEDIF(V52,TODAY(),"m"),0) -> 0 | AP52: =AO52*6 -> 0 | AQ52: =IF(X52>0,10,0) -> 0 | AR52: =IF(X52>0,DATEDIF(X52,TODAY(),"m"),0) -> 0 | AS52: =AR52*6 -> 0 | AT52: =VLOOKUP(B52,经历时间!A:B,2,FALSE) -> 1019.03 | AU52: =IF(Q52>0,AT52*0.1,0) -> 0 | AV52: =IF(I52>0,DATEDIF(I52,TODAY(),"m"),0) -> 19 | AW52: 0 | AY52: =IFERROR(VLOOKUP(B52,'兼职+帮忙'!B:AF,28,FALSE),0) -> 0
A53: 279540 | B53: 唐健翔 | C53: =VLOOKUP(B53,'姓名+分部'!A:B,2,FALSE) -> 二分部 | D53: A1 | E53: =IF(Q53>0,RANK(Y53,Y$2:Y$133),"无排名") -> 无排名 | F53: =IF(AND(Y53>1000,Q53>0,T53>0,V53>0,AV53>48,AI53>3),"可流转","继续培训") -> 继续培训 | G53: =IF(N53>0,"不考核",IF(K53>0,"B",IF(I53>0,"A2",IF(I53=0,"学员",NA())))) -> A2 | H53: =_xlfn.IFS(N53>0,"完成考核",K53>0,K53+390,I53>0,I53+120) -> 45532 | I53: 45412 | J53: =IF($I53>0,IF(K53>0,DATEDIF(I53,K53,"m"),"未完成"),"学员") -> 未完成 | L53: =IF($I53>0,IF(N53>0,DATEDIF(I53,N53,"m"),"未完成"),"学员") -> 未完成 | M53: =IF($I53>0,IF(N53>0,DATEDIF(K53,N53,"m"),"未完成"),"学员") -> 未完成 | O53: =IF($I53>0,IF(Q53>0,DATEDIF(I53,Q53,"m"),"未完成"),"学员") -> 未完成 | P53: =IF($I53>0,IF(Q53>0,DATEDIF(N53,Q53,"m"),"未完成"),"学员") -> 未完成 | S53: =IF($I53>0,IF(T53>0,DATEDIF(I53,T53,"m"),"未完成"),"学员") -> 未完成 | U53: =IF($I53>0,IF(V53>0,DATEDIF(I53,V53,"m"),"未完成"),"学员") -> 未完成 | W53: =IF($I53>0,IF(X53>0,DATEDIF(I53,X53,"m"),"未完成"),"学员") -> 未完成 | Y53: =AA53+AC53+AE53+AH53+AJ53+AM53+AP53+AS53+AW53+AX53+AY53+AU53 -> 56 | Z53: 是 | AA53: =IF(Z53="是",5,0) -> 5 | AB53: 是 | AC53: =IF(AB53="是",10,0) -> 10 | AD53: 是 | AE53: =IF(AD53="是",5,0) -> 5 | AF53: =COUNTA(K53,N53,Q53,R53)*10 -> 0 | AG53: =IF(N53>0,DATEDIF(N53,TODAY(),"m"),0) -> 0 | AH53: =AG53*3 -> 0 | AI53: =IF(Q53>0,DATEDIF(Q53,TODAY(),"m"),0) -> 0 | AJ53: =AI53*6 -> 0 | AK53: =IF(T53>0,10,0) -> 0 | AL53: =IF(T53>0,DATEDIF(T53,TODAY(),"m"),0) -> 0 | AM53: =AL53*6 -> 0 | AN53: =IF(V53>0,10,0) -> 0 | AO53: =IF(V53>0,DATEDIF(V53,TODAY(),"m"),0) -> 0 | AP53: =AO53*6 -> 0 | AQ53: =IF(X53>0,10,0) -> 0 | AR53: =IF(X53>0,DATEDIF(X53,TODAY(),"m"),0) -> 0 | AS53: =AR53*6 -> 0 | AT53: =VLOOKUP(B53,经历时间!A:B,2,FALSE) -> 652.4 | AU53: =IF(Q53>0,AT53*0.1,0) -> 0 | AV53: =IF(I53>0,DATEDIF(I53,TODAY(),"m"),0) -> 20 | AW53: 36 | AY53: =IFERROR(VLOOKUP(B53,'兼职+帮忙'!B:AF,28,FALSE),0) -> 0
A54: 264064 | B54: 薛力文 | C54: =VLOOKUP(B54,'姓名+分部'!A:B,2,FALSE) -> 三分部 | D54: A1 | E54: =IF(Q54>0,RANK(Y54,Y$2:Y$133),"无排名") -> 无排名 | F54: =IF(AND(Y54>1000,Q54>0,T54>0,V54>0,AV54>48,AI54>3),"可流转","继续培训") -> 继续培训 | G54: =IF(N54>0,"不考核",IF(K54>0,"B",IF(I54>0,"A2",IF(I54=0,"学员",NA())))) -> A2 | H54: =_xlfn.IFS(N54>0,"完成考核",K54>0,K54+390,I54>0,I54+120) -> 45624 | I54: 45504 | J54: =IF($I54>0,IF(K54>0,DATEDIF(I54,K54,"m"),"未完成"),"学员") -> 未完成 | L54: =IF($I54>0,IF(N54>0,DATEDIF(I54,N54,"m"),"未完成"),"学员") -> 未完成 | M54: =IF($I54>0,IF(N54>0,DATEDIF(K54,N54,"m"),"未完成"),"学员") -> 未完成 | O54: =IF($I54>0,IF(Q54>0,DATEDIF(I54,Q54,"m"),"未完成"),"学员") -> 未完成 | P54: =IF($I54>0,IF(Q54>0,DATEDIF(N54,Q54,"m"),"未完成"),"学员") -> 未完成 | S54: =IF($I54>0,IF(T54>0,DATEDIF(I54,T54,"m"),"未完成"),"学员") -> 未完成 | U54: =IF($I54>0,IF(V54>0,DATEDIF(I54,V54,"m"),"未完成"),"学员") -> 未完成 | W54: =IF($I54>0,IF(X54>0,DATEDIF(I54,X54,"m"),"未完成"),"学员") -> 未完成 | Y54: =AA54+AC54+AE54+AH54+AJ54+AM54+AP54+AS54+AW54+AX54+AY54+AU54 -> 20 | Z54: 是 | AA54: =IF(Z54="是",5,0) -> 5 | AB54: 是 | AC54: =IF(AB54="是",10,0) -> 10 | AD54: 是 | AE54: =IF(AD54="是",5,0) -> 5 | AF54: =COUNTA(K54,N54,Q54,R54)*10 -> 0 | AG54: =IF(N54>0,DATEDIF(N54,TODAY(),"m"),0) -> 0 | AH54: =AG54*3 -> 0 | AI54: =IF(Q54>0,DATEDIF(Q54,TODAY(),"m"),0) -> 0 | AJ54: =AI54*6 -> 0 | AK54: =IF(T54>0,10,0) -> 0 | AL54: =IF(T54>0,DATEDIF(T54,TODAY(),"m"),0) -> 0 | AM54: =AL54*6 -> 0 | AN54: =IF(V54>0,10,0) -> 0 | AO54: =IF(V54>0,DATEDIF(V54,TODAY(),"m"),0) -> 0 | AP54: =AO54*6 -> 0 | AQ54: =IF(X54>0,10,0) -> 0 | AR54: =IF(X54>0,DATEDIF(X54,TODAY(),"m"),0) -> 0 | AS54: =AR54*6 -> 0 | AT54: =VLOOKUP(B54,经历时间!A:B,2,FALSE) -> 2120.55 | AU54: =IF(Q54>0,AT54*0.1,0) -> 0 | AV54: =IF(I54>0,DATEDIF(I54,TODAY(),"m"),0) -> 17 | AW54: 0 | AY54: =IFERROR(VLOOKUP(B54,'兼职+帮忙'!B:AF,28,FALSE),0) -> 0
A55: 284046 | B55: 朱戈昊 | C55: =VLOOKUP(B55,'姓名+分部'!A:B,2,FALSE) -> 一分部 | D55: B | E55: =IF(Q55>0,RANK(Y55,Y$2:Y$133),"无排名") -> 无排名 | F55: =IF(AND(Y55>1000,Q55>0,T55>0,V55>0,AV55>48,AI55>3),"可流转","继续培训") -> 继续培训 | G55: =IF(N55>0,"不考核",IF(K55>0,"B",IF(I55>0,"A2",IF(I55=0,"学员",NA())))) -> 不考核 | H55: =_xlfn.IFS(N55>0,"完成考核",K55>0,K55+390,I55>0,I55+120) -> 完成考核 | I55: 45385 | J55: =IF($I55>0,IF(K55>0,DATEDIF(I55,K55,"m"),"未完成"),"学员") -> 10 | K55: 45704 | L55: =IF($I55>0,IF(N55>0,DATEDIF(I55,N55,"m"),"未完成"),"学员") -> 14 | M55: =IF($I55>0,IF(N55>0,DATEDIF(K55,N55,"m"),"未完成"),"学员") -> 4 | N55: 45827 | O55: =IF($I55>0,IF(Q55>0,DATEDIF(I55,Q55,"m"),"未完成"),"学员") -> 未完成 | P55: =IF($I55>0,IF(Q55>0,DATEDIF(N55,Q55,"m"),"未完成"),"学员") -> 未完成 | S55: =IF($I55>0,IF(T55>0,DATEDIF(I55,T55,"m"),"未完成"),"学员") -> 未完成 | U55: =IF($I55>0,IF(V55>0,DATEDIF(I55,V55,"m"),"未完成"),"学员") -> 14 | V55: 45818 | W55: =IF($I55>0,IF(X55>0,DATEDIF(I55,X55,"m"),"未完成"),"学员") -> 未完成 | Y55: =AA55+AC55+AE55+AH55+AJ55+AM55+AP55+AS55+AW55+AX55+AY55+AU55 -> 95 | Z55: 是 | AA55: =IF(Z55="是",5,0) -> 5 | AB55: 是 | AC55: =IF(AB55="是",10,0) -> 10 | AD55: 是 | AE55: =IF(AD55="是",5,0) -> 5 | AF55: =COUNTA(K55,N55,Q55,R55)*10 -> 20 | AG55: =IF(N55>0,DATEDIF(N55,TODAY(),"m"),0) -> 6 | AH55: =AG55*3 -> 18 | AI55: =IF(Q55>0,DATEDIF(Q55,TODAY(),"m"),0) -> 0 | AJ55: =AI55*6 -> 0 | AK55: =IF(T55>0,10,0) -> 0 | AL55: =IF(T55>0,DATEDIF(T55,TODAY(),"m"),0) -> 0 | AM55: =AL55*6 -> 0 | AN55: =IF(V55>0,10,0) -> 10 | AO55: =IF(V55>0,DATEDIF(V55,TODAY(),"m"),0) -> 7 | AP55: =AO55*6 -> 42 | AQ55: =IF(X55>0,10,0) -> 0 | AR55: =IF(X55>0,DATEDIF(X55,TODAY(),"m"),0) -> 0 | AS55: =AR55*6 -> 0 | AT55: =VLOOKUP(B55,经历时间!A:B,2,FALSE) -> 927.13 | AU55: =IF(Q55>0,AT55*0.1,0) -> 0 | AV55: =IF(I55>0,DATEDIF(I55,TODAY(),"m"),0) -> 21 | AW55: 0 | AY55: =IFERROR(VLOOKUP(B55,'兼职+帮忙'!B:AF,28,FALSE),0) -> 15
A56: 275099 | B56: 周琛 | C56: =VLOOKUP(B56,'姓名+分部'!A:B,2,FALSE) -> 三分部 | D56: A2 | E56: =IF(Q56>0,RANK(Y56,Y$2:Y$133),"无排名") -> 无排名 | F56: =IF(AND(Y56>1000,Q56>0,T56>0,V56>0,AV56>48,AI56>3),"可流转","继续培训") -> 继续培训 | G56: =IF(N56>0,"不考核",IF(K56>0,"B",IF(I56>0,"A2",IF(I56=0,"学员",NA())))) -> B | H56: =_xlfn.IFS(N56>0,"完成考核",K56>0,K56+390,I56>0,I56+120) -> 45688 | I56: 45116 | J56: =IF($I56>0,IF(K56>0,DATEDIF(I56,K56,"m"),"未完成"),"学员") -> 5 | K56: 45298 | L56: =IF($I56>0,IF(N56>0,DATEDIF(I56,N56,"m"),"未完成"),"学员") -> 未完成 | M56: =IF($I56>0,IF(N56>0,DATEDIF(K56,N56,"m"),"未完成"),"学员") -> 未完成 | O56: =IF($I56>0,IF(Q56>0,DATEDIF(I56,Q56,"m"),"未完成"),"学员") -> 未完成 | P56: =IF($I56>0,IF(Q56>0,DATEDIF(N56,Q56,"m"),"未完成"),"学员") -> 未完成 | S56: =IF($I56>0,IF(T56>0,DATEDIF(I56,T56,"m"),"未完成"),"学员") -> 未完成 | U56: =IF($I56>0,IF(V56>0,DATEDIF(I56,V56,"m"),"未完成"),"学员") -> 未完成 | W56: =IF($I56>0,IF(X56>0,DATEDIF(I56,X56,"m"),"未完成"),"学员") -> 未完成 | Y56: =AA56+AC56+AE56+AH56+AJ56+AM56+AP56+AS56+AW56+AX56+AY56+AU56 -> 20 | Z56: 是 | AA56: =IF(Z56="是",5,0) -> 5 | AB56: 是 | AC56: =IF(AB56="是",10,0) -> 10 | AD56: 是 | AE56: =IF(AD56="是",5,0) -> 5 | AF56: =COUNTA(K56,N56,Q56,R56)*10 -> 10 | AG56: =IF(N56>0,DATEDIF(N56,TODAY(),"m"),0) -> 0 | AH56: =AG56*3 -> 0 | AI56: =IF(Q56>0,DATEDIF(Q56,TODAY(),"m"),0) -> 0 | AJ56: =AI56*6 -> 0 | AK56: =IF(T56>0,10,0) -> 0 | AL56: =IF(T56>0,DATEDIF(T56,TODAY(),"m"),0) -> 0 | AM56: =AL56*6 -> 0 | AN56: =IF(V56>0,10,0) -> 0 | AO56: =IF(V56>0,DATEDIF(V56,TODAY(),"m"),0) -> 0 | AP56: =AO56*6 -> 0 | AQ56: =IF(X56>0,10,0) -> 0 | AR56: =IF(X56>0,DATEDIF(X56,TODAY(),"m"),0) -> 0 | AS56: =AR56*6 -> 0 | AT56: =VLOOKUP(B56,经历时间!A:B,2,FALSE) -> 1113.31 | AU56: =IF(Q56>0,AT56*0.1,0) -> 0 | AV56: =IF(I56>0,DATEDIF(I56,TODAY(),"m"),0) -> 30 | AW56: 0 | AY56: =IFERROR(VLOOKUP(B56,'兼职+帮忙'!B:AF,28,FALSE),0) -> 0
A57: 285277 | B57: 陈嘉龙 | C57: =VLOOKUP(B57,'姓名+分部'!A:B,2,FALSE) -> 一分部 | D57: A1 | E57: =IF(Q57>0,RANK(Y57,Y$2:Y$133),"无排名") -> 无排名 | F57: =IF(AND(Y57>1000,Q57>0,T57>0,V57>0,AV57>48,AI57>3),"可流转","继续培训") -> 继续培训 | G57: =IF(N57>0,"不考核",IF(K57>0,"B",IF(I57>0,"A2",IF(I57=0,"学员",NA())))) -> A2 | H57: =_xlfn.IFS(N57>0,"完成考核",K57>0,K57+390,I57>0,I57+120) -> 45830 | I57: 45710 | J57: =IF($I57>0,IF(K57>0,DATEDIF(I57,K57,"m"),"未完成"),"学员") -> 未完成 | L57: =IF($I57>0,IF(N57>0,DATEDIF(I57,N57,"m"),"未完成"),"学员") -> 未完成 | M57: =IF($I57>0,IF(N57>0,DATEDIF(K57,N57,"m"),"未完成"),"学员") -> 未完成 | O57: =IF($I57>0,IF(Q57>0,DATEDIF(I57,Q57,"m"),"未完成"),"学员") -> 未完成 | P57: =IF($I57>0,IF(Q57>0,DATEDIF(N57,Q57,"m"),"未完成"),"学员") -> 未完成 | S57: =IF($I57>0,IF(T57>0,DATEDIF(I57,T57,"m"),"未完成"),"学员") -> 未完成 | U57: =IF($I57>0,IF(V57>0,DATEDIF(I57,V57,"m"),"未完成"),"学员") -> 未完成 | W57: =IF($I57>0,IF(X57>0,DATEDIF(I57,X57,"m"),"未完成"),"学员") -> 未完成 | Y57: =AA57+AC57+AE57+AH57+AJ57+AM57+AP57+AS57+AW57+AX57+AY57+AU57 -> 55 | Z57: 是 | AA57: =IF(Z57="是",5,0) -> 5 | AB57: 是 | AC57: =IF(AB57="是",10,0) -> 10 | AD57: 是 | AE57: =IF(AD57="是",5,0) -> 5 | AF57: =COUNTA(K57,N57,Q57,R57)*10 -> 0 | AG57: =IF(N57>0,DATEDIF(N57,TODAY(),"m"),0) -> 0 | AH57: =AG57*3 -> 0 | AI57: =IF(Q57>0,DATEDIF(Q57,TODAY(),"m"),0) -> 0 | AJ57: =AI57*6 -> 0 | AK57: =IF(T57>0,10,0) -> 0 | AL57: =IF(T57>0,DATEDIF(T57,TODAY(),"m"),0) -> 0 | AM57: =AL57*6 -> 0 | AN57: =IF(V57>0,10,0) -> 0 | AO57: =IF(V57>0,DATEDIF(V57,TODAY(),"m"),0) -> 0 | AP57: =AO57*6 -> 0 | AQ57: =IF(X57>0,10,0) -> 0 | AR57: =IF(X57>0,DATEDIF(X57,TODAY(),"m"),0) -> 0 | AS57: =AR57*6 -> 0 | AT57: =VLOOKUP(B57,经历时间!A:B,2,FALSE) -> 551.47 | AU57: =IF(Q57>0,AT57*0.1,0) -> 0 | AV57: =IF(I57>0,DATEDIF(I57,TODAY(),"m"),0) -> 10 | AW57: 35 | AY57: =IFERROR(VLOOKUP(B57,'兼职+帮忙'!B:AF,28,FALSE),0) -> 0
A58: 210531 | B58: 薛京亮 | C58: =VLOOKUP(B58,'姓名+分部'!A:B,2,FALSE) -> 一分部 | D58: A2 | E58: =IF(Q58>0,RANK(Y58,Y$2:Y$133),"无排名") -> 无排名 | F58: =IF(AND(Y58>1000,Q58>0,T58>0,V58>0,AV58>48,AI58>3),"可流转","继续培训") -> 继续培训 | G58: =IF(N58>0,"不考核",IF(K58>0,"B",IF(I58>0,"A2",IF(I58=0,"学员",NA())))) -> B | H58: =_xlfn.IFS(N58>0,"完成考核",K58>0,K58+390,I58>0,I58+120) -> 46029 | I58: 45385 | J58: =IF($I58>0,IF(K58>0,DATEDIF(I58,K58,"m"),"未完成"),"学员") -> 8 | K58: 45639 | L58: =IF($I58>0,IF(N58>0,DATEDIF(I58,N58,"m"),"未完成"),"学员") -> 未完成 | M58: =IF($I58>0,IF(N58>0,DATEDIF(K58,N58,"m"),"未完成"),"学员") -> 未完成 | O58: =IF($I58>0,IF(Q58>0,DATEDIF(I58,Q58,"m"),"未完成"),"学员") -> 未完成 | P58: =IF($I58>0,IF(Q58>0,DATEDIF(N58,Q58,"m"),"未完成"),"学员") -> 未完成 | S58: =IF($I58>0,IF(T58>0,DATEDIF(I58,T58,"m"),"未完成"),"学员") -> 未完成 | U58: =IF($I58>0,IF(V58>0,DATEDIF(I58,V58,"m"),"未完成"),"学员") -> 未完成 | W58: =IF($I58>0,IF(X58>0,DATEDIF(I58,X58,"m"),"未完成"),"学员") -> 未完成 | Y58: =AA58+AC58+AE58+AH58+AJ58+AM58+AP58+AS58+AW58+AX58+AY58+AU58 -> 20 | Z58: 是 | AA58: =IF(Z58="是",5,0) -> 5 | AB58: 是 | AC58: =IF(AB58="是",10,0) -> 10 | AD58: 是 | AE58: =IF(AD58="是",5,0) -> 5 | AF58: =COUNTA(K58,N58,Q58,R58)*10 -> 10 | AG58: =IF(N58>0,DATEDIF(N58,TODAY(),"m"),0) -> 0 | AH58: =AG58*3 -> 0 | AI58: =IF(Q58>0,DATEDIF(Q58,TODAY(),"m"),0) -> 0 | AJ58: =AI58*6 -> 0 | AK58: =IF(T58>0,10,0) -> 0 | AL58: =IF(T58>0,DATEDIF(T58,TODAY(),"m"),0) -> 0 | AM58: =AL58*6 -> 0 | AN58: =IF(V58>0,10,0) -> 0 | AO58: =IF(V58>0,DATEDIF(V58,TODAY(),"m"),0) -> 0 | AP58: =AO58*6 -> 0 | AQ58: =IF(X58>0,10,0) -> 0 | AR58: =IF(X58>0,DATEDIF(X58,TODAY(),"m"),0) -> 0 | AS58: =AR58*6 -> 0 | AT58: =VLOOKUP(B58,经历时间!A:B,2,FALSE) -> 6280.44 | AU58: =IF(Q58>0,AT58*0.1,0) -> 0 | AV58: =IF(I58>0,DATEDIF(I58,TODAY(),"m"),0) -> 21 | AW58: 0 | AY58: =IFERROR(VLOOKUP(B58,'兼职+帮忙'!B:AF,28,FALSE),0) -> 0
A59: 275021 | B59: 袁英杰 | C59: =VLOOKUP(B59,'姓名+分部'!A:B,2,FALSE) -> 一分部 | D59: A1 | E59: =IF(Q59>0,RANK(Y59,Y$2:Y$133),"无排名") -> 无排名 | F59: =IF(AND(Y59>1000,Q59>0,T59>0,V59>0,AV59>48,AI59>3),"可流转","继续培训") -> 继续培训 | G59: =IF(N59>0,"不考核",IF(K59>0,"B",IF(I59>0,"A2",IF(I59=0,"学员",NA())))) -> A2 | H59: =_xlfn.IFS(N59>0,"完成考核",K59>0,K59+390,I59>0,I59+120) -> 45860 | I59: 45740 | J59: =IF($I59>0,IF(K59>0,DATEDIF(I59,K59,"m"),"未完成"),"学员") -> 未完成 | L59: =IF($I59>0,IF(N59>0,DATEDIF(I59,N59,"m"),"未完成"),"学员") -> 未完成 | M59: =IF($I59>0,IF(N59>0,DATEDIF(K59,N59,"m"),"未完成"),"学员") -> 未完成 | O59: =IF($I59>0,IF(Q59>0,DATEDIF(I59,Q59,"m"),"未完成"),"学员") -> 未完成 | P59: =IF($I59>0,IF(Q59>0,DATEDIF(N59,Q59,"m"),"未完成"),"学员") -> 未完成 | S59: =IF($I59>0,IF(T59>0,DATEDIF(I59,T59,"m"),"未完成"),"学员") -> 未完成 | U59: =IF($I59>0,IF(V59>0,DATEDIF(I59,V59,"m"),"未完成"),"学员") -> 未完成 | W59: =IF($I59>0,IF(X59>0,DATEDIF(I59,X59,"m"),"未完成"),"学员") -> 未完成 | Y59: =AA59+AC59+AE59+AH59+AJ59+AM59+AP59+AS59+AW59+AX59+AY59+AU59 -> 33 | Z59: 是 | AA59: =IF(Z59="是",5,0) -> 5 | AB59: 是 | AC59: =IF(AB59="是",10,0) -> 10 | AD59: 是 | AE59: =IF(AD59="是",5,0) -> 5 | AF59: =COUNTA(K59,N59,Q59,R59)*10 -> 0 | AG59: =IF(N59>0,DATEDIF(N59,TODAY(),"m"),0) -> 0 | AH59: =AG59*3 -> 0 | AI59: =IF(Q59>0,DATEDIF(Q59,TODAY(),"m"),0) -> 0 | AJ59: =AI59*6 -> 0 | AK59: =IF(T59>0,10,0) -> 0 | AL59: =IF(T59>0,DATEDIF(T59,TODAY(),"m"),0) -> 0 | AM59: =AL59*6 -> 0 | AN59: =IF(V59>0,10,0) -> 0 | AO59: =IF(V59>0,DATEDIF(V59,TODAY(),"m"),0) -> 0 | AP59: =AO59*6 -> 0 | AQ59: =IF(X59>0,10,0) -> 0 | AR59: =IF(X59>0,DATEDIF(X59,TODAY(),"m"),0) -> 0 | AS59: =AR59*6 -> 0 | AT59: =VLOOKUP(B59,经历时间!A:B,2,FALSE) -> 859.01 | AU59: =IF(Q59>0,AT59*0.1,0) -> 0 | AV59: =IF(I59>0,DATEDIF(I59,TODAY(),"m"),0) -> 9 | AW59: 13 | AY59: =IFERROR(VLOOKUP(B59,'兼职+帮忙'!B:AF,28,FALSE),0) -> 0
A60: 283735 | B60: 李振洋 | C60: =VLOOKUP(B60,'姓名+分部'!A:B,2,FALSE) -> 二分部 | D60: A2 | E60: =IF(Q60>0,RANK(Y60,Y$2:Y$133),"无排名") -> 无排名 | F60: =IF(AND(Y60>1000,Q60>0,T60>0,V60>0,AV60>48,AI60>3),"可流转","继续培训") -> 继续培训 | G60: =IF(N60>0,"不考核",IF(K60>0,"B",IF(I60>0,"A2",IF(I60=0,"学员",NA())))) -> B | H60: =_xlfn.IFS(N60>0,"完成考核",K60>0,K60+390,I60>0,I60+120) -> 46032 | I60: 45385 | J60: =IF($I60>0,IF(K60>0,DATEDIF(I60,K60,"m"),"未完成"),"学员") -> 8 | K60: 45642 | L60: =IF($I60>0,IF(N60>0,DATEDIF(I60,N60,"m"),"未完成"),"学员") -> 未完成 | M60: =IF($I60>0,IF(N60>0,DATEDIF(K60,N60,"m"),"未完成"),"学员") -> 未完成 | O60: =IF($I60>0,IF(Q60>0,DATEDIF(I60,Q60,"m"),"未完成"),"学员") -> 未完成 | P60: =IF($I60>0,IF(Q60>0,DATEDIF(N60,Q60,"m"),"未完成"),"学员") -> 未完成 | S60: =IF($I60>0,IF(T60>0,DATEDIF(I60,T60,"m"),"未完成"),"学员") -> 未完成 | U60: =IF($I60>0,IF(V60>0,DATEDIF(I60,V60,"m"),"未完成"),"学员") -> 未完成 | W60: =IF($I60>0,IF(X60>0,DATEDIF(I60,X60,"m"),"未完成"),"学员") -> 未完成 | Y60: =AA60+AC60+AE60+AH60+AJ60+AM60+AP60+AS60+AW60+AX60+AY60+AU60 -> 20 | Z60: 是 | AA60: =IF(Z60="是",5,0) -> 5 | AB60: 是 | AC60: =IF(AB60="是",10,0) -> 10 | AD60: 是 | AE60: =IF(AD60="是",5,0) -> 5 | AF60: =COUNTA(K60,N60,Q60,R60)*10 -> 10 | AG60: =IF(N60>0,DATEDIF(N60,TODAY(),"m"),0) -> 0 | AH60: =AG60*3 -> 0 | AI60: =IF(Q60>0,DATEDIF(Q60,TODAY(),"m"),0) -> 0 | AJ60: =AI60*6 -> 0 | AK60: =IF(T60>0,10,0) -> 0 | AL60: =IF(T60>0,DATEDIF(T60,TODAY(),"m"),0) -> 0 | AM60: =AL60*6 -> 0 | AN60: =IF(V60>0,10,0) -> 0 | AO60: =IF(V60>0,DATEDIF(V60,TODAY(),"m"),0) -> 0 | AP60: =AO60*6 -> 0 | AQ60: =IF(X60>0,10,0) -> 0 | AR60: =IF(X60>0,DATEDIF(X60,TODAY(),"m"),0) -> 0 | AS60: =AR60*6 -> 0 | AT60: =VLOOKUP(B60,经历时间!A:B,2,FALSE) -> 1297.3 | AU60: =IF(Q60>0,AT60*0.1,0) -> 0 | AV60: =IF(I60>0,DATEDIF(I60,TODAY(),"m"),0) -> 21 | AW60: 0 | AY60: =IFERROR(VLOOKUP(B60,'兼职+帮忙'!B:AF,28,FALSE),0) -> 0
A61: 279511 | B61: 张义涛 | C61: =VLOOKUP(B61,'姓名+分部'!A:B,2,FALSE) -> 二分部 | D61: B | E61: =IF(Q61>0,RANK(Y61,Y$2:Y$133),"无排名") -> 无排名 | F61: =IF(AND(Y61>1000,Q61>0,T61>0,V61>0,AV61>48,AI61>3),"可流转","继续培训") -> 继续培训 | G61: =IF(N61>0,"不考核",IF(K61>0,"B",IF(I61>0,"A2",IF(I61=0,"学员",NA())))) -> 不考核 | H61: =_xlfn.IFS(N61>0,"完成考核",K61>0,K61+390,I61>0,I61+120) -> 完成考核 | I61: 45160 | J61: =IF($I61>0,IF(K61>0,DATEDIF(I61,K61,"m"),"未完成"),"学员") -> 9 | K61: 45449 | L61: =IF($I61>0,IF(N61>0,DATEDIF(I61,N61,"m"),"未完成"),"学员") -> 18 | M61: =IF($I61>0,IF(N61>0,DATEDIF(K61,N61,"m"),"未完成"),"学员") -> 9 | N61: 45734 | O61: =IF($I61>0,IF(Q61>0,DATEDIF(I61,Q61,"m"),"未完成"),"学员") -> 未完成 | P61: =IF($I61>0,IF(Q61>0,DATEDIF(N61,Q61,"m"),"未完成"),"学员") -> 未完成 | S61: =IF($I61>0,IF(T61>0,DATEDIF(I61,T61,"m"),"未完成"),"学员") -> 未完成 | U61: =IF($I61>0,IF(V61>0,DATEDIF(I61,V61,"m"),"未完成"),"学员") -> 18 | V61: 45729 | W61: =IF($I61>0,IF(X61>0,DATEDIF(I61,X61,"m"),"未完成"),"学员") -> 未完成 | Y61: =AA61+AC61+AE61+AH61+AJ61+AM61+AP61+AS61+AW61+AX61+AY61+AU61 -> 125 | Z61: 是 | AA61: =IF(Z61="是",5,0) -> 5 | AB61: 是 | AC61: =IF(AB61="是",10,0) -> 10 | AD61: 是 | AE61: =IF(AD61="是",5,0) -> 5 | AF61: =COUNTA(K61,N61,Q61,R61)*10 -> 20 | AG61: =IF(N61>0,DATEDIF(N61,TODAY(),"m"),0) -> 9 | AH61: =AG61*3 -> 27 | AI61: =IF(Q61>0,DATEDIF(Q61,TODAY(),"m"),0) -> 0 | AJ61: =AI61*6 -> 0 | AK61: =IF(T61>0,10,0) -> 0 | AL61: =IF(T61>0,DATEDIF(T61,TODAY(),"m"),0) -> 0 | AM61: =AL61*6 -> 0 | AN61: =IF(V61>0,10,0) -> 10 | AO61: =IF(V61>0,DATEDIF(V61,TODAY(),"m"),0) -> 10 | AP61: =AO61*6 -> 60 | AQ61: =IF(X61>0,10,0) -> 0 | AR61: =IF(X61>0,DATEDIF(X61,TODAY(),"m"),0) -> 0 | AS61: =AR61*6 -> 0 | AT61: =VLOOKUP(B61,经历时间!A:B,2,FALSE) -> 1160.43 | AU61: =IF(Q61>0,AT61*0.1,0) -> 0 | AV61: =IF(I61>0,DATEDIF(I61,TODAY(),"m"),0) -> 28 | AW61: 4 | AX61: -5 | AY61: =IFERROR(VLOOKUP(B61,'兼职+帮忙'!B:AF,28,FALSE),0) -> 19
A62: 273421 | B62: 周富邦 | C62: =VLOOKUP(B62,'姓名+分部'!A:B,2,FALSE) -> 一分部 | D62: A2 | E62: =IF(Q62>0,RANK(Y62,Y$2:Y$133),"无排名") -> 无排名 | F62: =IF(AND(Y62>1000,Q62>0,T62>0,V62>0,AV62>48,AI62>3),"可流转","继续培训") -> 继续培训 | G62: =IF(N62>0,"不考核",IF(K62>0,"B",IF(I62>0,"A2",IF(I62=0,"学员",NA())))) -> B | H62: =_xlfn.IFS(N62>0,"完成考核",K62>0,K62+390,I62>0,I62+120) -> 46104 | I62: 45419 | J62: =IF($I62>0,IF(K62>0,DATEDIF(I62,K62,"m"),"未完成"),"学员") -> 9 | K62: 45714 | L62: =IF($I62>0,IF(N62>0,DATEDIF(I62,N62,"m"),"未完成"),"学员") -> 未完成 | M62: =IF($I62>0,IF(N62>0,DATEDIF(K62,N62,"m"),"未完成"),"学员") -> 未完成 | O62: =IF($I62>0,IF(Q62>0,DATEDIF(I62,Q62,"m"),"未完成"),"学员") -> 未完成 | P62: =IF($I62>0,IF(Q62>0,DATEDIF(N62,Q62,"m"),"未完成"),"学员") -> 未完成 | S62: =IF($I62>0,IF(T62>0,DATEDIF(I62,T62,"m"),"未完成"),"学员") -> 未完成 | U62: =IF($I62>0,IF(V62>0,DATEDIF(I62,V62,"m"),"未完成"),"学员") -> 未完成 | W62: =IF($I62>0,IF(X62>0,DATEDIF(I62,X62,"m"),"未完成"),"学员") -> 未完成 | Y62: =AA62+AC62+AE62+AH62+AJ62+AM62+AP62+AS62+AW62+AX62+AY62+AU62 -> 20 | Z62: 是 | AA62: =IF(Z62="是",5,0) -> 5 | AB62: 是 | AC62: =IF(AB62="是",10,0) -> 10 | AD62: 是 | AE62: =IF(AD62="是",5,0) -> 5 | AF62: =COUNTA(K62,N62,Q62,R62)*10 -> 10 | AG62: =IF(N62>0,DATEDIF(N62,TODAY(),"m"),0) -> 0 | AH62: =AG62*3 -> 0 | AI62: =IF(Q62>0,DATEDIF(Q62,TODAY(),"m"),0) -> 0 | AJ62: =AI62*6 -> 0 | AK62: =IF(T62>0,10,0) -> 0 | AL62: =IF(T62>0,DATEDIF(T62,TODAY(),"m"),0) -> 0 | AM62: =AL62*6 -> 0 | AN62: =IF(V62>0,10,0) -> 0 | AO62: =IF(V62>0,DATEDIF(V62,TODAY(),"m"),0) -> 0 | AP62: =AO62*6 -> 0 | AQ62: =IF(X62>0,10,0) -> 0 | AR62: =IF(X62>0,DATEDIF(X62,TODAY(),"m"),0) -> 0 | AS62: =AR62*6 -> 0 | AT62: =VLOOKUP(B62,经历时间!A:B,2,FALSE) -> 1716.51 | AU62: =IF(Q62>0,AT62*0.1,0) -> 0 | AV62: =IF(I62>0,DATEDIF(I62,TODAY(),"m"),0) -> 20 | AW62: 0 | AY62: =IFERROR(VLOOKUP(B62,'兼职+帮忙'!B:AF,28,FALSE),0) -> 0
A63: 278087 | B63: 杨大锋 | C63: =VLOOKUP(B63,'姓名+分部'!A:B,2,FALSE) -> 三分部 | D63: A1 | E63: =IF(Q63>0,RANK(Y63,Y$2:Y$133),"无排名") -> 无排名 | F63: =IF(AND(Y63>1000,Q63>0,T63>0,V63>0,AV63>48,AI63>3),"可流转","继续培训") -> 继续培训 | G63: =IF(N63>0,"不考核",IF(K63>0,"B",IF(I63>0,"A2",IF(I63=0,"学员",NA())))) -> A2 | H63: =_xlfn.IFS(N63>0,"完成考核",K63>0,K63+390,I63>0,I63+120) -> 45830 | I63: 45710 | J63: =IF($I63>0,IF(K63>0,DATEDIF(I63,K63,"m"),"未完成"),"学员") -> 未完成 | L63: =IF($I63>0,IF(N63>0,DATEDIF(I63,N63,"m"),"未完成"),"学员") -> 未完成 | M63: =IF($I63>0,IF(N63>0,DATEDIF(K63,N63,"m"),"未完成"),"学员") -> 未完成 | O63: =IF($I63>0,IF(Q63>0,DATEDIF(I63,Q63,"m"),"未完成"),"学员") -> 未完成 | P63: =IF($I63>0,IF(Q63>0,DATEDIF(N63,Q63,"m"),"未完成"),"学员") -> 未完成 | S63: =IF($I63>0,IF(T63>0,DATEDIF(I63,T63,"m"),"未完成"),"学员") -> 未完成 | U63: =IF($I63>0,IF(V63>0,DATEDIF(I63,V63,"m"),"未完成"),"学员") -> 未完成 | W63: =IF($I63>0,IF(X63>0,DATEDIF(I63,X63,"m"),"未完成"),"学员") -> 未完成 | Y63: =AA63+AC63+AE63+AH63+AJ63+AM63+AP63+AS63+AW63+AX63+AY63+AU63 -> 54 | Z63: 是 | AA63: =IF(Z63="是",5,0) -> 5 | AB63: 是 | AC63: =IF(AB63="是",10,0) -> 10 | AD63: 是 | AE63: =IF(AD63="是",5,0) -> 5 | AF63: =COUNTA(K63,N63,Q63,R63)*10 -> 0 | AG63: =IF(N63>0,DATEDIF(N63,TODAY(),"m"),0) -> 0 | AH63: =AG63*3 -> 0 | AI63: =IF(Q63>0,DATEDIF(Q63,TODAY(),"m"),0) -> 0 | AJ63: =AI63*6 -> 0 | AK63: =IF(T63>0,10,0) -> 0 | AL63: =IF(T63>0,DATEDIF(T63,TODAY(),"m"),0) -> 0 | AM63: =AL63*6 -> 0 | AN63: =IF(V63>0,10,0) -> 0 | AO63: =IF(V63>0,DATEDIF(V63,TODAY(),"m"),0) -> 0 | AP63: =AO63*6 -> 0 | AQ63: =IF(X63>0,10,0) -> 0 | AR63: =IF(X63>0,DATEDIF(X63,TODAY(),"m"),0) -> 0 | AS63: =AR63*6 -> 0 | AT63: =VLOOKUP(B63,经历时间!A:B,2,FALSE) -> 797.23 | AU63: =IF(Q63>0,AT63*0.1,0) -> 0 | AV63: =IF(I63>0,DATEDIF(I63,TODAY(),"m"),0) -> 10 | AW63: 34 | AY63: =IFERROR(VLOOKUP(B63,'兼职+帮忙'!B:AF,28,FALSE),0) -> 0
A64: 279543 | B64: 陈致远 | C64: =VLOOKUP(B64,'姓名+分部'!A:B,2,FALSE) -> 二分部 | D64: A2 | E64: =IF(Q64>0,RANK(Y64,Y$2:Y$133),"无排名") -> 无排名 | F64: =IF(AND(Y64>1000,Q64>0,T64>0,V64>0,AV64>48,AI64>3),"可流转","继续培训") -> 继续培训 | G64: =IF(N64>0,"不考核",IF(K64>0,"B",IF(I64>0,"A2",IF(I64=0,"学员",NA())))) -> B | H64: =_xlfn.IFS(N64>0,"完成考核",K64>0,K64+390,I64>0,I64+120) -> 45973 | I64: 45412 | J64: =IF($I64>0,IF(K64>0,DATEDIF(I64,K64,"m"),"未完成"),"学员") -> 5 | K64: 45583 | L64: =IF($I64>0,IF(N64>0,DATEDIF(I64,N64,"m"),"未完成"),"学员") -> 未完成 | M64: =IF($I64>0,IF(N64>0,DATEDIF(K64,N64,"m"),"未完成"),"学员") -> 未完成 | O64: =IF($I64>0,IF(Q64>0,DATEDIF(I64,Q64,"m"),"未完成"),"学员") -> 未完成 | P64: =IF($I64>0,IF(Q64>0,DATEDIF(N64,Q64,"m"),"未完成"),"学员") -> 未完成 | S64: =IF($I64>0,IF(T64>0,DATEDIF(I64,T64,"m"),"未完成"),"学员") -> 未完成 | U64: =IF($I64>0,IF(V64>0,DATEDIF(I64,V64,"m"),"未完成"),"学员") -> 未完成 | W64: =IF($I64>0,IF(X64>0,DATEDIF(I64,X64,"m"),"未完成"),"学员") -> 未完成 | Y64: =AA64+AC64+AE64+AH64+AJ64+AM64+AP64+AS64+AW64+AX64+AY64+AU64 -> 49 | Z64: 是 | AA64: =IF(Z64="是",5,0) -> 5 | AB64: 是 | AC64: =IF(AB64="是",10,0) -> 10 | AD64: 是 | AE64: =IF(AD64="是",5,0) -> 5 | AF64: =COUNTA(K64,N64,Q64,R64)*10 -> 10 | AG64: =IF(N64>0,DATEDIF(N64,TODAY(),"m"),0) -> 0 | AH64: =AG64*3 -> 0 | AI64: =IF(Q64>0,DATEDIF(Q64,TODAY(),"m"),0) -> 0 | AJ64: =AI64*6 -> 0 | AK64: =IF(T64>0,10,0) -> 0 | AL64: =IF(T64>0,DATEDIF(T64,TODAY(),"m"),0) -> 0 | AM64: =AL64*6 -> 0 | AN64: =IF(V64>0,10,0) -> 0 | AO64: =IF(V64>0,DATEDIF(V64,TODAY(),"m"),0) -> 0 | AP64: =AO64*6 -> 0 | AQ64: =IF(X64>0,10,0) -> 0 | AR64: =IF(X64>0,DATEDIF(X64,TODAY(),"m"),0) -> 0 | AS64: =AR64*6 -> 0 | AT64: =VLOOKUP(B64,经历时间!A:B,2,FALSE) -> 821.19 | AU64: =IF(Q64>0,AT64*0.1,0) -> 0 | AV64: =IF(I64>0,DATEDIF(I64,TODAY(),"m"),0) -> 20 | AW64: 29 | AY64: =IFERROR(VLOOKUP(B64,'兼职+帮忙'!B:AF,28,FALSE),0) -> 0
A65: 291033 | B65: 王熠铭 | C65: =VLOOKUP(B65,'姓名+分部'!A:B,2,FALSE) -> 二分部 | D65: A1 | E65: =IF(Q65>0,RANK(Y65,Y$2:Y$133),"无排名") -> 无排名 | F65: =IF(AND(Y65>1000,Q65>0,T65>0,V65>0,AV65>48,AI65>3),"可流转","继续培训") -> 继续培训 | G65: =IF(N65>0,"不考核",IF(K65>0,"B",IF(I65>0,"A2",IF(I65=0,"学员",NA())))) -> A2 | H65: =_xlfn.IFS(N65>0,"完成考核",K65>0,K65+390,I65>0,I65+120) -> 45925 | I65: 45805 | J65: =IF($I65>0,IF(K65>0,DATEDIF(I65,K65,"m"),"未完成"),"学员") -> 未完成 | L65: =IF($I65>0,IF(N65>0,DATEDIF(I65,N65,"m"),"未完成"),"学员") -> 未完成 | M65: =IF($I65>0,IF(N65>0,DATEDIF(K65,N65,"m"),"未完成"),"学员") -> 未完成 | O65: =IF($I65>0,IF(Q65>0,DATEDIF(I65,Q65,"m"),"未完成"),"学员") -> 未完成 | P65: =IF($I65>0,IF(Q65>0,DATEDIF(N65,Q65,"m"),"未完成"),"学员") -> 未完成 | S65: =IF($I65>0,IF(T65>0,DATEDIF(I65,T65,"m"),"未完成"),"学员") -> 未完成 | U65: =IF($I65>0,IF(V65>0,DATEDIF(I65,V65,"m"),"未完成"),"学员") -> 未完成 | W65: =IF($I65>0,IF(X65>0,DATEDIF(I65,X65,"m"),"未完成"),"学员") -> 未完成 | Y65: =AA65+AC65+AE65+AH65+AJ65+AM65+AP65+AS65+AW65+AX65+AY65+AU65 -> 59 | Z65: 是 | AA65: =IF(Z65="是",5,0) -> 5 | AB65: 是 | AC65: =IF(AB65="是",10,0) -> 10 | AD65: 是 | AE65: =IF(AD65="是",5,0) -> 5 | AF65: =COUNTA(K65,N65,Q65,R65)*10 -> 0 | AG65: =IF(N65>0,DATEDIF(N65,TODAY(),"m"),0) -> 0 | AH65: =AG65*3 -> 0 | AI65: =IF(Q65>0,DATEDIF(Q65,TODAY(),"m"),0) -> 0 | AJ65: =AI65*6 -> 0 | AK65: =IF(T65>0,10,0) -> 0 | AL65: =IF(T65>0,DATEDIF(T65,TODAY(),"m"),0) -> 0 | AM65: =AL65*6 -> 0 | AN65: =IF(V65>0,10,0) -> 0 | AO65: =IF(V65>0,DATEDIF(V65,TODAY(),"m"),0) -> 0 | AP65: =AO65*6 -> 0 | AQ65: =IF(X65>0,10,0) -> 0 | AR65: =IF(X65>0,DATEDIF(X65,TODAY(),"m"),0) -> 0 | AS65: =AR65*6 -> 0 | AT65: =VLOOKUP(B65,经历时间!A:B,2,FALSE) -> 759.58 | AU65: =IF(Q65>0,AT65*0.1,0) -> 0 | AV65: =IF(I65>0,DATEDIF(I65,TODAY(),"m"),0) -> 7 | AW65: 39 | AY65: =IFERROR(VLOOKUP(B65,'兼职+帮忙'!B:AF,28,FALSE),0) -> 0
A66: 282669 | B66: 黄家和 | C66: =VLOOKUP(B66,'姓名+分部'!A:B,2,FALSE) -> 一分部 | D66: A1 | E66: =IF(Q66>0,RANK(Y66,Y$2:Y$133),"无排名") -> 无排名 | F66: =IF(AND(Y66>1000,Q66>0,T66>0,V66>0,AV66>48,AI66>3),"可流转","继续培训") -> 继续培训 | G66: =IF(N66>0,"不考核",IF(K66>0,"B",IF(I66>0,"A2",IF(I66=0,"学员",NA())))) -> A2 | H66: =_xlfn.IFS(N66>0,"完成考核",K66>0,K66+390,I66>0,I66+120) -> 45564 | I66: 45444 | J66: =IF($I66>0,IF(K66>0,DATEDIF(I66,K66,"m"),"未完成"),"学员") -> 未完成 | L66: =IF($I66>0,IF(N66>0,DATEDIF(I66,N66,"m"),"未完成"),"学员") -> 未完成 | M66: =IF($I66>0,IF(N66>0,DATEDIF(K66,N66,"m"),"未完成"),"学员") -> 未完成 | O66: =IF($I66>0,IF(Q66>0,DATEDIF(I66,Q66,"m"),"未完成"),"学员") -> 未完成 | P66: =IF($I66>0,IF(Q66>0,DATEDIF(N66,Q66,"m"),"未完成"),"学员") -> 未完成 | S66: =IF($I66>0,IF(T66>0,DATEDIF(I66,T66,"m"),"未完成"),"学员") -> 未完成 | U66: =IF($I66>0,IF(V66>0,DATEDIF(I66,V66,"m"),"未完成"),"学员") -> 未完成 | W66: =IF($I66>0,IF(X66>0,DATEDIF(I66,X66,"m"),"未完成"),"学员") -> 未完成 | Y66: =AA66+AC66+AE66+AH66+AJ66+AM66+AP66+AS66+AW66+AX66+AY66+AU66 -> 50 | Z66: 是 | AA66: =IF(Z66="是",5,0) -> 5 | AB66: 是 | AC66: =IF(AB66="是",10,0) -> 10 | AD66: 是 | AE66: =IF(AD66="是",5,0) -> 5 | AF66: =COUNTA(K66,N66,Q66,R66)*10 -> 0 | AG66: =IF(N66>0,DATEDIF(N66,TODAY(),"m"),0) -> 0 | AH66: =AG66*3 -> 0 | AI66: =IF(Q66>0,DATEDIF(Q66,TODAY(),"m"),0) -> 0 | AJ66: =AI66*6 -> 0 | AK66: =IF(T66>0,10,0) -> 0 | AL66: =IF(T66>0,DATEDIF(T66,TODAY(),"m"),0) -> 0 | AM66: =AL66*6 -> 0 | AN66: =IF(V66>0,10,0) -> 0 | AO66: =IF(V66>0,DATEDIF(V66,TODAY(),"m"),0) -> 0 | AP66: =AO66*6 -> 0 | AQ66: =IF(X66>0,10,0) -> 0 | AR66: =IF(X66>0,DATEDIF(X66,TODAY(),"m"),0) -> 0 | AS66: =AR66*6 -> 0 | AT66: =VLOOKUP(B66,经历时间!A:B,2,FALSE) -> 679.33 | AU66: =IF(Q66>0,AT66*0.1,0) -> 0 | AV66: =IF(I66>0,DATEDIF(I66,TODAY(),"m"),0) -> 19 | AW66: 30 | AY66: =IFERROR(VLOOKUP(B66,'兼职+帮忙'!B:AF,28,FALSE),0) -> 0
A67: 284923 | B67: 尹翔 | C67: =VLOOKUP(B67,'姓名+分部'!A:B,2,FALSE) -> 三分部 | D67: A1 | E67: =IF(Q67>0,RANK(Y67,Y$2:Y$133),"无排名") -> 无排名 | F67: =IF(AND(Y67>1000,Q67>0,T67>0,V67>0,AV67>48,AI67>3),"可流转","继续培训") -> 继续培训 | G67: =IF(N67>0,"不考核",IF(K67>0,"B",IF(I67>0,"A2",IF(I67=0,"学员",NA())))) -> A2 | H67: =_xlfn.IFS(N67>0,"完成考核",K67>0,K67+390,I67>0,I67+120) -> 45853 | I67: 45733 | J67: =IF($I67>0,IF(K67>0,DATEDIF(I67,K67,"m"),"未完成"),"学员") -> 未完成 | L67: =IF($I67>0,IF(N67>0,DATEDIF(I67,N67,"m"),"未完成"),"学员") -> 未完成 | M67: =IF($I67>0,IF(N67>0,DATEDIF(K67,N67,"m"),"未完成"),"学员") -> 未完成 | O67: =IF($I67>0,IF(Q67>0,DATEDIF(I67,Q67,"m"),"未完成"),"学员") -> 未完成 | P67: =IF($I67>0,IF(Q67>0,DATEDIF(N67,Q67,"m"),"未完成"),"学员") -> 未完成 | S67: =IF($I67>0,IF(T67>0,DATEDIF(I67,T67,"m"),"未完成"),"学员") -> 未完成 | U67: =IF($I67>0,IF(V67>0,DATEDIF(I67,V67,"m"),"未完成"),"学员") -> 未完成 | W67: =IF($I67>0,IF(X67>0,DATEDIF(I67,X67,"m"),"未完成"),"学员") -> 未完成 | Y67: =AA67+AC67+AE67+AH67+AJ67+AM67+AP67+AS67+AW67+AX67+AY67+AU67 -> 40 | Z67: 是 | AA67: =IF(Z67="是",5,0) -> 5 | AB67: 是 | AC67: =IF(AB67="是",10,0) -> 10 | AD67: 是 | AE67: =IF(AD67="是",5,0) -> 5 | AF67: =COUNTA(K67,N67,Q67,R67)*10 -> 0 | AG67: =IF(N67>0,DATEDIF(N67,TODAY(),"m"),0) -> 0 | AH67: =AG67*3 -> 0 | AI67: =IF(Q67>0,DATEDIF(Q67,TODAY(),"m"),0) -> 0 | AJ67: =AI67*6 -> 0 | AK67: =IF(T67>0,10,0) -> 0 | AL67: =IF(T67>0,DATEDIF(T67,TODAY(),"m"),0) -> 0 | AM67: =AL67*6 -> 0 | AN67: =IF(V67>0,10,0) -> 0 | AO67: =IF(V67>0,DATEDIF(V67,TODAY(),"m"),0) -> 0 | AP67: =AO67*6 -> 0 | AQ67: =IF(X67>0,10,0) -> 0 | AR67: =IF(X67>0,DATEDIF(X67,TODAY(),"m"),0) -> 0 | AS67: =AR67*6 -> 0 | AT67: =VLOOKUP(B67,经历时间!A:B,2,FALSE) -> 638.11 | AU67: =IF(Q67>0,AT67*0.1,0) -> 0 | AV67: =IF(I67>0,DATEDIF(I67,TODAY(),"m"),0) -> 9 | AW67: 20 | AY67: =IFERROR(VLOOKUP(B67,'兼职+帮忙'!B:AF,28,FALSE),0) -> 0
A68: 275109 | B68: 林锦源 | C68: =VLOOKUP(B68,'姓名+分部'!A:B,2,FALSE) -> 二分部 | D68: A1 | E68: =IF(Q68>0,RANK(Y68,Y$2:Y$133),"无排名") -> 无排名 | F68: =IF(AND(Y68>1000,Q68>0,T68>0,V68>0,AV68>48,AI68>3),"可流转","继续培训") -> 继续培训 | G68: =IF(N68>0,"不考核",IF(K68>0,"B",IF(I68>0,"A2",IF(I68=0,"学员",NA())))) -> A2 | H68: =_xlfn.IFS(N68>0,"完成考核",K68>0,K68+390,I68>0,I68+120) -> 45532 | I68: 45412 | J68: =IF($I68>0,IF(K68>0,DATEDIF(I68,K68,"m"),"未完成"),"学员") -> 未完成 | L68: =IF($I68>0,IF(N68>0,DATEDIF(I68,N68,"m"),"未完成"),"学员") -> 未完成 | M68: =IF($I68>0,IF(N68>0,DATEDIF(K68,N68,"m"),"未完成"),"学员") -> 未完成 | O68: =IF($I68>0,IF(Q68>0,DATEDIF(I68,Q68,"m"),"未完成"),"学员") -> 未完成 | P68: =IF($I68>0,IF(Q68>0,DATEDIF(N68,Q68,"m"),"未完成"),"学员") -> 未完成 | S68: =IF($I68>0,IF(T68>0,DATEDIF(I68,T68,"m"),"未完成"),"学员") -> 未完成 | U68: =IF($I68>0,IF(V68>0,DATEDIF(I68,V68,"m"),"未完成"),"学员") -> 未完成 | W68: =IF($I68>0,IF(X68>0,DATEDIF(I68,X68,"m"),"未完成"),"学员") -> 未完成 | Y68: =AA68+AC68+AE68+AH68+AJ68+AM68+AP68+AS68+AW68+AX68+AY68+AU68 -> 58 | Z68: 是 | AA68: =IF(Z68="是",5,0) -> 5 | AB68: 是 | AC68: =IF(AB68="是",10,0) -> 10 | AD68: 是 | AE68: =IF(AD68="是",5,0) -> 5 | AF68: =COUNTA(K68,N68,Q68,R68)*10 -> 0 | AG68: =IF(N68>0,DATEDIF(N68,TODAY(),"m"),0) -> 0 | AH68: =AG68*3 -> 0 | AI68: =IF(Q68>0,DATEDIF(Q68,TODAY(),"m"),0) -> 0 | AJ68: =AI68*6 -> 0 | AK68: =IF(T68>0,10,0) -> 0 | AL68: =IF(T68>0,DATEDIF(T68,TODAY(),"m"),0) -> 0 | AM68: =AL68*6 -> 0 | AN68: =IF(V68>0,10,0) -> 0 | AO68: =IF(V68>0,DATEDIF(V68,TODAY(),"m"),0) -> 0 | AP68: =AO68*6 -> 0 | AQ68: =IF(X68>0,10,0) -> 0 | AR68: =IF(X68>0,DATEDIF(X68,TODAY(),"m"),0) -> 0 | AS68: =AR68*6 -> 0 | AT68: =VLOOKUP(B68,经历时间!A:B,2,FALSE) -> 907.5 | AU68: =IF(Q68>0,AT68*0.1,0) -> 0 | AV68: =IF(I68>0,DATEDIF(I68,TODAY(),"m"),0) -> 20 | AW68: 38 | AY68: =IFERROR(VLOOKUP(B68,'兼职+帮忙'!B:AF,28,FALSE),0) -> 0
A69: 282149 | B69: 唐选尧 | C69: =VLOOKUP(B69,'姓名+分部'!A:B,2,FALSE) -> 一分部 | D69: A1 | E69: =IF(Q69>0,RANK(Y69,Y$2:Y$133),"无排名") -> 无排名 | F69: =IF(AND(Y69>1000,Q69>0,T69>0,V69>0,AV69>48,AI69>3),"可流转","继续培训") -> 继续培训 | G69: =IF(N69>0,"不考核",IF(K69>0,"B",IF(I69>0,"A2",IF(I69=0,"学员",NA())))) -> A2 | H69: =_xlfn.IFS(N69>0,"完成考核",K69>0,K69+390,I69>0,I69+120) -> 45564 | I69: 45444 | J69: =IF($I69>0,IF(K69>0,DATEDIF(I69,K69,"m"),"未完成"),"学员") -> 未完成 | L69: =IF($I69>0,IF(N69>0,DATEDIF(I69,N69,"m"),"未完成"),"学员") -> 未完成 | M69: =IF($I69>0,IF(N69>0,DATEDIF(K69,N69,"m"),"未完成"),"学员") -> 未完成 | O69: =IF($I69>0,IF(Q69>0,DATEDIF(I69,Q69,"m"),"未完成"),"学员") -> 未完成 | P69: =IF($I69>0,IF(Q69>0,DATEDIF(N69,Q69,"m"),"未完成"),"学员") -> 未完成 | S69: =IF($I69>0,IF(T69>0,DATEDIF(I69,T69,"m"),"未完成"),"学员") -> 未完成 | U69: =IF($I69>0,IF(V69>0,DATEDIF(I69,V69,"m"),"未完成"),"学员") -> 未完成 | W69: =IF($I69>0,IF(X69>0,DATEDIF(I69,X69,"m"),"未完成"),"学员") -> 未完成 | Y69: =AA69+AC69+AE69+AH69+AJ69+AM69+AP69+AS69+AW69+AX69+AY69+AU69 -> 57 | Z69: 是 | AA69: =IF(Z69="是",5,0) -> 5 | AB69: 是 | AC69: =IF(AB69="是",10,0) -> 10 | AD69: 是 | AE69: =IF(AD69="是",5,0) -> 5 | AF69: =COUNTA(K69,N69,Q69,R69)*10 -> 0 | AG69: =IF(N69>0,DATEDIF(N69,TODAY(),"m"),0) -> 0 | AH69: =AG69*3 -> 0 | AI69: =IF(Q69>0,DATEDIF(Q69,TODAY(),"m"),0) -> 0 | AJ69: =AI69*6 -> 0 | AK69: =IF(T69>0,10,0) -> 0 | AL69: =IF(T69>0,DATEDIF(T69,TODAY(),"m"),0) -> 0 | AM69: =AL69*6 -> 0 | AN69: =IF(V69>0,10,0) -> 0 | AO69: =IF(V69>0,DATEDIF(V69,TODAY(),"m"),0) -> 0 | AP69: =AO69*6 -> 0 | AQ69: =IF(X69>0,10,0) -> 0 | AR69: =IF(X69>0,DATEDIF(X69,TODAY(),"m"),0) -> 0 | AS69: =AR69*6 -> 0 | AT69: =VLOOKUP(B69,经历时间!A:B,2,FALSE) -> 678.26 | AU69: =IF(Q69>0,AT69*0.1,0) -> 0 | AV69: =IF(I69>0,DATEDIF(I69,TODAY(),"m"),0) -> 19 | AW69: 37 | AY69: =IFERROR(VLOOKUP(B69,'兼职+帮忙'!B:AF,28,FALSE),0) -> 0
A70: 257611 | B70: 卢勇成 | C70: =VLOOKUP(B70,'姓名+分部'!A:B,2,FALSE) -> 三分部 | D70: B | E70: =IF(Q70>0,RANK(Y70,Y$2:Y$133),"无排名") -> 无排名 | F70: =IF(AND(Y70>1000,Q70>0,T70>0,V70>0,AV70>48,AI70>3),"可流转","继续培训") -> 继续培训 | G70: =IF(N70>0,"不考核",IF(K70>0,"B",IF(I70>0,"A2",IF(I70=0,"学员",NA())))) -> 不考核 | H70: =_xlfn.IFS(N70>0,"完成考核",K70>0,K70+390,I70>0,I70+120) -> 完成考核 | I70: 44965 | J70: =IF($I70>0,IF(K70>0,DATEDIF(I70,K70,"m"),"未完成"),"学员") -> 7 | K70: 45197 | L70: =IF($I70>0,IF(N70>0,DATEDIF(I70,N70,"m"),"未完成"),"学员") -> 26 | M70: =IF($I70>0,IF(N70>0,DATEDIF(K70,N70,"m"),"未完成"),"学员") -> 19 | N70: 45777 | O70: =IF($I70>0,IF(Q70>0,DATEDIF(I70,Q70,"m"),"未完成"),"学员") -> 未完成 | P70: =IF($I70>0,IF(Q70>0,DATEDIF(N70,Q70,"m"),"未完成"),"学员") -> 未完成 | S70: =IF($I70>0,IF(T70>0,DATEDIF(I70,T70,"m"),"未完成"),"学员") -> 未完成 | U70: =IF($I70>0,IF(V70>0,DATEDIF(I70,V70,"m"),"未完成"),"学员") -> 未完成 | W70: =IF($I70>0,IF(X70>0,DATEDIF(I70,X70,"m"),"未完成"),"学员") -> 未完成 | Y70: =AA70+AC70+AE70+AH70+AJ70+AM70+AP70+AS70+AW70+AX70+AY70+AU70 -> 68 | Z70: 是 | AA70: =IF(Z70="是",5,0) -> 5 | AB70: 是 | AC70: =IF(AB70="是",10,0) -> 10 | AD70: 是 | AE70: =IF(AD70="是",5,0) -> 5 | AF70: =COUNTA(K70,N70,Q70,R70)*10 -> 20 | AG70: =IF(N70>0,DATEDIF(N70,TODAY(),"m"),0) -> 8 | AH70: =AG70*3 -> 24 | AI70: =IF(Q70>0,DATEDIF(Q70,TODAY(),"m"),0) -> 0 | AJ70: =AI70*6 -> 0 | AK70: =IF(T70>0,10,0) -> 0 | AL70: =IF(T70>0,DATEDIF(T70,TODAY(),"m"),0) -> 0 | AM70: =AL70*6 -> 0 | AN70: =IF(V70>0,10,0) -> 0 | AO70: =IF(V70>0,DATEDIF(V70,TODAY(),"m"),0) -> 0 | AP70: =AO70*6 -> 0 | AQ70: =IF(X70>0,10,0) -> 0 | AR70: =IF(X70>0,DATEDIF(X70,TODAY(),"m"),0) -> 0 | AS70: =AR70*6 -> 0 | AT70: =VLOOKUP(B70,经历时间!A:B,2,FALSE) -> 1335.26 | AU70: =IF(Q70>0,AT70*0.1,0) -> 0 | AV70: =IF(I70>0,DATEDIF(I70,TODAY(),"m"),0) -> 35 | AW70: 24 | AY70: =IFERROR(VLOOKUP(B70,'兼职+帮忙'!B:AF,28,FALSE),0) -> 0
A71: 284122 | B71: 杨登科 | C71: =VLOOKUP(B71,'姓名+分部'!A:B,2,FALSE) -> 一分部 | D71: A2 | E71: =IF(Q71>0,RANK(Y71,Y$2:Y$133),"无排名") -> 无排名 | F71: =IF(AND(Y71>1000,Q71>0,T71>0,V71>0,AV71>48,AI71>3),"可流转","继续培训") -> 继续培训 | G71: =IF(N71>0,"不考核",IF(K71>0,"B",IF(I71>0,"A2",IF(I71=0,"学员",NA())))) -> B | H71: =_xlfn.IFS(N71>0,"完成考核",K71>0,K71+390,I71>0,I71+120) -> 46092 | I71: 45549 | J71: =IF($I71>0,IF(K71>0,DATEDIF(I71,K71,"m"),"未完成"),"学员") -> 5 | K71: 45702 | L71: =IF($I71>0,IF(N71>0,DATEDIF(I71,N71,"m"),"未完成"),"学员") -> 未完成 | M71: =IF($I71>0,IF(N71>0,DATEDIF(K71,N71,"m"),"未完成"),"学员") -> 未完成 | O71: =IF($I71>0,IF(Q71>0,DATEDIF(I71,Q71,"m"),"未完成"),"学员") -> 未完成 | P71: =IF($I71>0,IF(Q71>0,DATEDIF(N71,Q71,"m"),"未完成"),"学员") -> 未完成 | S71: =IF($I71>0,IF(T71>0,DATEDIF(I71,T71,"m"),"未完成"),"学员") -> 未完成 | U71: =IF($I71>0,IF(V71>0,DATEDIF(I71,V71,"m"),"未完成"),"学员") -> 未完成 | W71: =IF($I71>0,IF(X71>0,DATEDIF(I71,X71,"m"),"未完成"),"学员") -> 未完成 | Y71: =AA71+AC71+AE71+AH71+AJ71+AM71+AP71+AS71+AW71+AX71+AY71+AU71 -> 53 | Z71: 是 | AA71: =IF(Z71="是",5,0) -> 5 | AB71: 是 | AC71: =IF(AB71="是",10,0) -> 10 | AD71: 是 | AE71: =IF(AD71="是",5,0) -> 5 | AF71: =COUNTA(K71,N71,Q71,R71)*10 -> 10 | AG71: =IF(N71>0,DATEDIF(N71,TODAY(),"m"),0) -> 0 | AH71: =AG71*3 -> 0 | AI71: =IF(Q71>0,DATEDIF(Q71,TODAY(),"m"),0) -> 0 | AJ71: =AI71*6 -> 0 | AK71: =IF(T71>0,10,0) -> 0 | AL71: =IF(T71>0,DATEDIF(T71,TODAY(),"m"),0) -> 0 | AM71: =AL71*6 -> 0 | AN71: =IF(V71>0,10,0) -> 0 | AO71: =IF(V71>0,DATEDIF(V71,TODAY(),"m"),0) -> 0 | AP71: =AO71*6 -> 0 | AQ71: =IF(X71>0,10,0) -> 0 | AR71: =IF(X71>0,DATEDIF(X71,TODAY(),"m"),0) -> 0 | AS71: =AR71*6 -> 0 | AT71: =VLOOKUP(B71,经历时间!A:B,2,FALSE) -> 646.2 | AU71: =IF(Q71>0,AT71*0.1,0) -> 0 | AV71: =IF(I71>0,DATEDIF(I71,TODAY(),"m"),0) -> 16 | AW71: 33 | AY71: =IFERROR(VLOOKUP(B71,'兼职+帮忙'!B:AF,28,FALSE),0) -> 0
A72: 291328 | B72: 曹旭泉 | C72: =VLOOKUP(B72,'姓名+分部'!A:B,2,FALSE) -> 三分部 | D72: A1 | E72: =IF(Q72>0,RANK(Y72,Y$2:Y$133),"无排名") -> 无排名 | F72: =IF(AND(Y72>1000,Q72>0,T72>0,V72>0,AV72>48,AI72>3),"可流转","继续培训") -> 继续培训 | G72: =IF(N72>0,"不考核",IF(K72>0,"B",IF(I72>0,"A2",IF(I72=0,"学员",NA())))) -> A2 | H72: =_xlfn.IFS(N72>0,"完成考核",K72>0,K72+390,I72>0,I72+120) -> 45846 | I72: 45726 | J72: =IF($I72>0,IF(K72>0,DATEDIF(I72,K72,"m"),"未完成"),"学员") -> 未完成 | L72: =IF($I72>0,IF(N72>0,DATEDIF(I72,N72,"m"),"未完成"),"学员") -> 未完成 | M72: =IF($I72>0,IF(N72>0,DATEDIF(K72,N72,"m"),"未完成"),"学员") -> 未完成 | O72: =IF($I72>0,IF(Q72>0,DATEDIF(I72,Q72,"m"),"未完成"),"学员") -> 未完成 | P72: =IF($I72>0,IF(Q72>0,DATEDIF(N72,Q72,"m"),"未完成"),"学员") -> 未完成 | S72: =IF($I72>0,IF(T72>0,DATEDIF(I72,T72,"m"),"未完成"),"学员") -> 未完成 | U72: =IF($I72>0,IF(V72>0,DATEDIF(I72,V72,"m"),"未完成"),"学员") -> 未完成 | W72: =IF($I72>0,IF(X72>0,DATEDIF(I72,X72,"m"),"未完成"),"学员") -> 未完成 | Y72: =AA72+AC72+AE72+AH72+AJ72+AM72+AP72+AS72+AW72+AX72+AY72+AU72 -> 37 | Z72: 是 | AA72: =IF(Z72="是",5,0) -> 5 | AB72: 是 | AC72: =IF(AB72="是",10,0) -> 10 | AD72: 是 | AE72: =IF(AD72="是",5,0) -> 5 | AF72: =COUNTA(K72,N72,Q72,R72)*10 -> 0 | AG72: =IF(N72>0,DATEDIF(N72,TODAY(),"m"),0) -> 0 | AH72: =AG72*3 -> 0 | AI72: =IF(Q72>0,DATEDIF(Q72,TODAY(),"m"),0) -> 0 | AJ72: =AI72*6 -> 0 | AK72: =IF(T72>0,10,0) -> 0 | AL72: =IF(T72>0,DATEDIF(T72,TODAY(),"m"),0) -> 0 | AM72: =AL72*6 -> 0 | AN72: =IF(V72>0,10,0) -> 0 | AO72: =IF(V72>0,DATEDIF(V72,TODAY(),"m"),0) -> 0 | AP72: =AO72*6 -> 0 | AQ72: =IF(X72>0,10,0) -> 0 | AR72: =IF(X72>0,DATEDIF(X72,TODAY(),"m"),0) -> 0 | AS72: =AR72*6 -> 0 | AT72: =VLOOKUP(B72,经历时间!A:B,2,FALSE) -> 693.09 | AU72: =IF(Q72>0,AT72*0.1,0) -> 0 | AV72: =IF(I72>0,DATEDIF(I72,TODAY(),"m"),0) -> 10 | AW72: 17 | AY72: =IFERROR(VLOOKUP(B72,'兼职+帮忙'!B:AF,28,FALSE),0) -> 0
A73: 262054 | B73: 章辉 | C73: =VLOOKUP(B73,'姓名+分部'!A:B,2,FALSE) -> 一分部 | D73: A2 | E73: =IF(Q73>0,RANK(Y73,Y$2:Y$133),"无排名") -> 无排名 | F73: =IF(AND(Y73>1000,Q73>0,T73>0,V73>0,AV73>48,AI73>3),"可流转","继续培训") -> 继续培训 | G73: =IF(N73>0,"不考核",IF(K73>0,"B",IF(I73>0,"A2",IF(I73=0,"学员",NA())))) -> 不考核 | H73: =_xlfn.IFS(N73>0,"完成考核",K73>0,K73+390,I73>0,I73+120) -> 完成考核 | I73: 44315 | J73: =IF($I73>0,IF(K73>0,DATEDIF(I73,K73,"m"),"未完成"),"学员") -> 13 | K73: 44725 | L73: =IF($I73>0,IF(N73>0,DATEDIF(I73,N73,"m"),"未完成"),"学员") -> 52 | M73: =IF($I73>0,IF(N73>0,DATEDIF(K73,N73,"m"),"未完成"),"学员") -> 39 | N73: 45921 | O73: =IF($I73>0,IF(Q73>0,DATEDIF(I73,Q73,"m"),"未完成"),"学员") -> 未完成 | P73: =IF($I73>0,IF(Q73>0,DATEDIF(N73,Q73,"m"),"未完成"),"学员") -> 未完成 | S73: =IF($I73>0,IF(T73>0,DATEDIF(I73,T73,"m"),"未完成"),"学员") -> 47 | T73: 45761 | U73: =IF($I73>0,IF(V73>0,DATEDIF(I73,V73,"m"),"未完成"),"学员") -> 未完成 | W73: =IF($I73>0,IF(X73>0,DATEDIF(I73,X73,"m"),"未完成"),"学员") -> 未完成 | Y73: =AA73+AC73+AE73+AH73+AJ73+AM73+AP73+AS73+AW73+AX73+AY73+AU73 -> 83 | Z73: 是 | AA73: =IF(Z73="是",5,0) -> 5 | AB73: 是 | AC73: =IF(AB73="是",10,0) -> 10 | AD73: 是 | AE73: =IF(AD73="是",5,0) -> 5 | AF73: =COUNTA(K73,N73,Q73,R73)*10 -> 20 | AG73: =IF(N73>0,DATEDIF(N73,TODAY(),"m"),0) -> 3 | AH73: =AG73*3 -> 9 | AI73: =IF(Q73>0,DATEDIF(Q73,TODAY(),"m"),0) -> 0 | AJ73: =AI73*6 -> 0 | AK73: =IF(T73>0,10,0) -> 10 | AL73: =IF(T73>0,DATEDIF(T73,TODAY(),"m"),0) -> 9 | AM73: =AL73*6 -> 54 | AN73: =IF(V73>0,10,0) -> 0 | AO73: =IF(V73>0,DATEDIF(V73,TODAY(),"m"),0) -> 0 | AP73: =AO73*6 -> 0 | AQ73: =IF(X73>0,10,0) -> 0 | AR73: =IF(X73>0,DATEDIF(X73,TODAY(),"m"),0) -> 0 | AS73: =AR73*6 -> 0 | AT73: =VLOOKUP(B73,经历时间!A:B,2,FALSE) -> 1967.4 | AU73: =IF(Q73>0,AT73*0.1,0) -> 0 | AV73: =IF(I73>0,DATEDIF(I73,TODAY(),"m"),0) -> 56 | AW73: 0 | AY73: =IFERROR(VLOOKUP(B73,'兼职+帮忙'!B:AF,28,FALSE),0) -> 0
A74: 276707 | B74: 陈振浩 | C74: =VLOOKUP(B74,'姓名+分部'!A:B,2,FALSE) -> 三分部 | D74: B | E74: =IF(Q74>0,RANK(Y74,Y$2:Y$133),"无排名") -> 无排名 | F74: =IF(AND(Y74>1000,Q74>0,T74>0,V74>0,AV74>48,AI74>3),"可流转","继续培训") -> 继续培训 | G74: =IF(N74>0,"不考核",IF(K74>0,"B",IF(I74>0,"A2",IF(I74=0,"学员",NA())))) -> 不考核 | H74: =_xlfn.IFS(N74>0,"完成考核",K74>0,K74+390,I74>0,I74+120) -> 完成考核 | I74: 45004 | J74: =IF($I74>0,IF(K74>0,DATEDIF(I74,K74,"m"),"未完成"),"学员") -> 5 | K74: 45180 | L74: =IF($I74>0,IF(N74>0,DATEDIF(I74,N74,"m"),"未完成"),"学员") -> 24 | M74: =IF($I74>0,IF(N74>0,DATEDIF(K74,N74,"m"),"未完成"),"学员") -> 19 | N74: 45765 | O74: =IF($I74>0,IF(Q74>0,DATEDIF(I74,Q74,"m"),"未完成"),"学员") -> 未完成 | P74: =IF($I74>0,IF(Q74>0,DATEDIF(N74,Q74,"m"),"未完成"),"学员") -> 未完成 | S74: =IF($I74>0,IF(T74>0,DATEDIF(I74,T74,"m"),"未完成"),"学员") -> 未完成 | U74: =IF($I74>0,IF(V74>0,DATEDIF(I74,V74,"m"),"未完成"),"学员") -> 未完成 | W74: =IF($I74>0,IF(X74>0,DATEDIF(I74,X74,"m"),"未完成"),"学员") -> 未完成 | Y74: =AA74+AC74+AE74+AH74+AJ74+AM74+AP74+AS74+AW74+AX74+AY74+AU74 -> 44 | Z74: 是 | AA74: =IF(Z74="是",5,0) -> 5 | AB74: 是 | AC74: =IF(AB74="是",10,0) -> 10 | AD74: 是 | AE74: =IF(AD74="是",5,0) -> 5 | AF74: =COUNTA(K74,N74,Q74,R74)*10 -> 20 | AG74: =IF(N74>0,DATEDIF(N74,TODAY(),"m"),0) -> 8 | AH74: =AG74*3 -> 24 | AI74: =IF(Q74>0,DATEDIF(Q74,TODAY(),"m"),0) -> 0 | AJ74: =AI74*6 -> 0 | AK74: =IF(T74>0,10,0) -> 0 | AL74: =IF(T74>0,DATEDIF(T74,TODAY(),"m"),0) -> 0 | AM74: =AL74*6 -> 0 | AN74: =IF(V74>0,10,0) -> 0 | AO74: =IF(V74>0,DATEDIF(V74,TODAY(),"m"),0) -> 0 | AP74: =AO74*6 -> 0 | AQ74: =IF(X74>0,10,0) -> 0 | AR74: =IF(X74>0,DATEDIF(X74,TODAY(),"m"),0) -> 0 | AS74: =AR74*6 -> 0 | AT74: =VLOOKUP(B74,经历时间!A:B,2,FALSE) -> 1285.2 | AU74: =IF(Q74>0,AT74*0.1,0) -> 0 | AV74: =IF(I74>0,DATEDIF(I74,TODAY(),"m"),0) -> 33 | AW74: 0 | AY74: =IFERROR(VLOOKUP(B74,'兼职+帮忙'!B:AF,28,FALSE),0) -> 0
A75: 290978 | B75: 朱丹浩 | C75: =VLOOKUP(B75,'姓名+分部'!A:B,2,FALSE) -> 一分部 | D75: A1 | E75: =IF(Q75>0,RANK(Y75,Y$2:Y$133),"无排名") -> 无排名 | F75: =IF(AND(Y75>1000,Q75>0,T75>0,V75>0,AV75>48,AI75>3),"可流转","继续培训") -> 继续培训 | G75: =IF(N75>0,"不考核",IF(K75>0,"B",IF(I75>0,"A2",IF(I75=0,"学员",NA())))) -> A2 | H75: =_xlfn.IFS(N75>0,"完成考核",K75>0,K75+390,I75>0,I75+120) -> 45818 | I75: 45698 | J75: =IF($I75>0,IF(K75>0,DATEDIF(I75,K75,"m"),"未完成"),"学员") -> 未完成 | L75: =IF($I75>0,IF(N75>0,DATEDIF(I75,N75,"m"),"未完成"),"学员") -> 未完成 | M75: =IF($I75>0,IF(N75>0,DATEDIF(K75,N75,"m"),"未完成"),"学员") -> 未完成 | O75: =IF($I75>0,IF(Q75>0,DATEDIF(I75,Q75,"m"),"未完成"),"学员") -> 未完成 | P75: =IF($I75>0,IF(Q75>0,DATEDIF(N75,Q75,"m"),"未完成"),"学员") -> 未完成 | S75: =IF($I75>0,IF(T75>0,DATEDIF(I75,T75,"m"),"未完成"),"学员") -> 未完成 | U75: =IF($I75>0,IF(V75>0,DATEDIF(I75,V75,"m"),"未完成"),"学员") -> 未完成 | W75: =IF($I75>0,IF(X75>0,DATEDIF(I75,X75,"m"),"未完成"),"学员") -> 未完成 | Y75: =AA75+AC75+AE75+AH75+AJ75+AM75+AP75+AS75+AW75+AX75+AY75+AU75 -> 52 | Z75: 是 | AA75: =IF(Z75="是",5,0) -> 5 | AB75: 是 | AC75: =IF(AB75="是",10,0) -> 10 | AD75: 是 | AE75: =IF(AD75="是",5,0) -> 5 | AF75: =COUNTA(K75,N75,Q75,R75)*10 -> 0 | AG75: =IF(N75>0,DATEDIF(N75,TODAY(),"m"),0) -> 0 | AH75: =AG75*3 -> 0 | AI75: =IF(Q75>0,DATEDIF(Q75,TODAY(),"m"),0) -> 0 | AJ75: =AI75*6 -> 0 | AK75: =IF(T75>0,10,0) -> 0 | AL75: =IF(T75>0,DATEDIF(T75,TODAY(),"m"),0) -> 0 | AM75: =AL75*6 -> 0 | AN75: =IF(V75>0,10,0) -> 0 | AO75: =IF(V75>0,DATEDIF(V75,TODAY(),"m"),0) -> 0 | AP75: =AO75*6 -> 0 | AQ75: =IF(X75>0,10,0) -> 0 | AR75: =IF(X75>0,DATEDIF(X75,TODAY(),"m"),0) -> 0 | AS75: =AR75*6 -> 0 | AT75: =VLOOKUP(B75,经历时间!A:B,2,FALSE) -> 553.58 | AU75: =IF(Q75>0,AT75*0.1,0) -> 0 | AV75: =IF(I75>0,DATEDIF(I75,TODAY(),"m"),0) -> 11 | AW75: 32 | AY75: =IFERROR(VLOOKUP(B75,'兼职+帮忙'!B:AF,28,FALSE),0) -> 0
A76: 285896 | B76: 戴永康 | C76: =VLOOKUP(B76,'姓名+分部'!A:B,2,FALSE) -> 三分部 | D76: A1 | E76: =IF(Q76>0,RANK(Y76,Y$2:Y$133),"无排名") -> 无排名 | F76: =IF(AND(Y76>1000,Q76>0,T76>0,V76>0,AV76>48,AI76>3),"可流转","继续培训") -> 继续培训 | G76: =IF(N76>0,"不考核",IF(K76>0,"B",IF(I76>0,"A2",IF(I76=0,"学员",NA())))) -> A2 | H76: =_xlfn.IFS(N76>0,"完成考核",K76>0,K76+390,I76>0,I76+120) -> 45818 | I76: 45698 | J76: =IF($I76>0,IF(K76>0,DATEDIF(I76,K76,"m"),"未完成"),"学员") -> 未完成 | L76: =IF($I76>0,IF(N76>0,DATEDIF(I76,N76,"m"),"未完成"),"学员") -> 未完成 | M76: =IF($I76>0,IF(N76>0,DATEDIF(K76,N76,"m"),"未完成"),"学员") -> 未完成 | O76: =IF($I76>0,IF(Q76>0,DATEDIF(I76,Q76,"m"),"未完成"),"学员") -> 未完成 | P76: =IF($I76>0,IF(Q76>0,DATEDIF(N76,Q76,"m"),"未完成"),"学员") -> 未完成 | S76: =IF($I76>0,IF(T76>0,DATEDIF(I76,T76,"m"),"未完成"),"学员") -> 未完成 | U76: =IF($I76>0,IF(V76>0,DATEDIF(I76,V76,"m"),"未完成"),"学员") -> 未完成 | W76: =IF($I76>0,IF(X76>0,DATEDIF(I76,X76,"m"),"未完成"),"学员") -> 未完成 | Y76: =AA76+AC76+AE76+AH76+AJ76+AM76+AP76+AS76+AW76+AX76+AY76+AU76 -> 51 | Z76: 是 | AA76: =IF(Z76="是",5,0) -> 5 | AB76: 是 | AC76: =IF(AB76="是",10,0) -> 10 | AD76: 是 | AE76: =IF(AD76="是",5,0) -> 5 | AF76: =COUNTA(K76,N76,Q76,R76)*10 -> 0 | AG76: =IF(N76>0,DATEDIF(N76,TODAY(),"m"),0) -> 0 | AH76: =AG76*3 -> 0 | AI76: =IF(Q76>0,DATEDIF(Q76,TODAY(),"m"),0) -> 0 | AJ76: =AI76*6 -> 0 | AK76: =IF(T76>0,10,0) -> 0 | AL76: =IF(T76>0,DATEDIF(T76,TODAY(),"m"),0) -> 0 | AM76: =AL76*6 -> 0 | AN76: =IF(V76>0,10,0) -> 0 | AO76: =IF(V76>0,DATEDIF(V76,TODAY(),"m"),0) -> 0 | AP76: =AO76*6 -> 0 | AQ76: =IF(X76>0,10,0) -> 0 | AR76: =IF(X76>0,DATEDIF(X76,TODAY(),"m"),0) -> 0 | AS76: =AR76*6 -> 0 | AT76: =VLOOKUP(B76,经历时间!A:B,2,FALSE) -> 554.22 | AU76: =IF(Q76>0,AT76*0.1,0) -> 0 | AV76: =IF(I76>0,DATEDIF(I76,TODAY(),"m"),0) -> 11 | AW76: 31 | AY76: =IFERROR(VLOOKUP(B76,'兼职+帮忙'!B:AF,28,FALSE),0) -> 0
A77: 272827 | B77: 陈子其 | C77: =VLOOKUP(B77,'姓名+分部'!A:B,2,FALSE) -> 一分部 | D77: A2 | E77: =IF(Q77>0,RANK(Y77,Y$2:Y$133),"无排名") -> 无排名 | F77: =IF(AND(Y77>1000,Q77>0,T77>0,V77>0,AV77>48,AI77>3),"可流转","继续培训") -> 继续培训 | G77: =IF(N77>0,"不考核",IF(K77>0,"B",IF(I77>0,"A2",IF(I77=0,"学员",NA())))) -> B | H77: =_xlfn.IFS(N77>0,"完成考核",K77>0,K77+390,I77>0,I77+120) -> 45530 | I77: 45022 | J77: =IF($I77>0,IF(K77>0,DATEDIF(I77,K77,"m"),"未完成"),"学员") -> 3 | K77: 45140 | L77: =IF($I77>0,IF(N77>0,DATEDIF(I77,N77,"m"),"未完成"),"学员") -> 未完成 | M77: =IF($I77>0,IF(N77>0,DATEDIF(K77,N77,"m"),"未完成"),"学员") -> 未完成 | O77: =IF($I77>0,IF(Q77>0,DATEDIF(I77,Q77,"m"),"未完成"),"学员") -> 未完成 | P77: =IF($I77>0,IF(Q77>0,DATEDIF(N77,Q77,"m"),"未完成"),"学员") -> 未完成 | S77: =IF($I77>0,IF(T77>0,DATEDIF(I77,T77,"m"),"未完成"),"学员") -> 未完成 | U77: =IF($I77>0,IF(V77>0,DATEDIF(I77,V77,"m"),"未完成"),"学员") -> 未完成 | W77: =IF($I77>0,IF(X77>0,DATEDIF(I77,X77,"m"),"未完成"),"学员") -> 未完成 | Y77: =AA77+AC77+AE77+AH77+AJ77+AM77+AP77+AS77+AW77+AX77+AY77+AU77 -> 48 | Z77: 是 | AA77: =IF(Z77="是",5,0) -> 5 | AB77: 是 | AC77: =IF(AB77="是",10,0) -> 10 | AD77: 是 | AE77: =IF(AD77="是",5,0) -> 5 | AF77: =COUNTA(K77,N77,Q77,R77)*10 -> 10 | AG77: =IF(N77>0,DATEDIF(N77,TODAY(),"m"),0) -> 0 | AH77: =AG77*3 -> 0 | AI77: =IF(Q77>0,DATEDIF(Q77,TODAY(),"m"),0) -> 0 | AJ77: =AI77*6 -> 0 | AK77: =IF(T77>0,10,0) -> 0 | AL77: =IF(T77>0,DATEDIF(T77,TODAY(),"m"),0) -> 0 | AM77: =AL77*6 -> 0 | AN77: =IF(V77>0,10,0) -> 0 | AO77: =IF(V77>0,DATEDIF(V77,TODAY(),"m"),0) -> 0 | AP77: =AO77*6 -> 0 | AQ77: =IF(X77>0,10,0) -> 0 | AR77: =IF(X77>0,DATEDIF(X77,TODAY(),"m"),0) -> 0 | AS77: =AR77*6 -> 0 | AT77: =VLOOKUP(B77,经历时间!A:B,2,FALSE) -> 1286.06 | AU77: =IF(Q77>0,AT77*0.1,0) -> 0 | AV77: =IF(I77>0,DATEDIF(I77,TODAY(),"m"),0) -> 33 | AW77: 28 | AY77: =IFERROR(VLOOKUP(B77,'兼职+帮忙'!B:AF,28,FALSE),0) -> 0
A78: 268097 | B78: 刘镇毓 | C78: =VLOOKUP(B78,'姓名+分部'!A:B,2,FALSE) -> 二分部 | D78: A2 | E78: =IF(Q78>0,RANK(Y78,Y$2:Y$133),"无排名") -> 无排名 | F78: =IF(AND(Y78>1000,Q78>0,T78>0,V78>0,AV78>48,AI78>3),"可流转","继续培训") -> 继续培训 | G78: =IF(N78>0,"不考核",IF(K78>0,"B",IF(I78>0,"A2",IF(I78=0,"学员",NA())))) -> B | H78: =_xlfn.IFS(N78>0,"完成考核",K78>0,K78+390,I78>0,I78+120) -> 45887 | I78: 45098 | J78: =IF($I78>0,IF(K78>0,DATEDIF(I78,K78,"m"),"未完成"),"学员") -> 13 | K78: 45497 | L78: =IF($I78>0,IF(N78>0,DATEDIF(I78,N78,"m"),"未完成"),"学员") -> 未完成 | M78: =IF($I78>0,IF(N78>0,DATEDIF(K78,N78,"m"),"未完成"),"学员") -> 未完成 | O78: =IF($I78>0,IF(Q78>0,DATEDIF(I78,Q78,"m"),"未完成"),"学员") -> 未完成 | P78: =IF($I78>0,IF(Q78>0,DATEDIF(N78,Q78,"m"),"未完成"),"学员") -> 未完成 | S78: =IF($I78>0,IF(T78>0,DATEDIF(I78,T78,"m"),"未完成"),"学员") -> 未完成 | U78: =IF($I78>0,IF(V78>0,DATEDIF(I78,V78,"m"),"未完成"),"学员") -> 未完成 | W78: =IF($I78>0,IF(X78>0,DATEDIF(I78,X78,"m"),"未完成"),"学员") -> 未完成 | Y78: =AA78+AC78+AE78+AH78+AJ78+AM78+AP78+AS78+AW78+AX78+AY78+AU78 -> 20 | Z78: 是 | AA78: =IF(Z78="是",5,0) -> 5 | AB78: 是 | AC78: =IF(AB78="是",10,0) -> 10 | AD78: 是 | AE78: =IF(AD78="是",5,0) -> 5 | AF78: =COUNTA(K78,N78,Q78,R78)*10 -> 10 | AG78: =IF(N78>0,DATEDIF(N78,TODAY(),"m"),0) -> 0 | AH78: =AG78*3 -> 0 | AI78: =IF(Q78>0,DATEDIF(Q78,TODAY(),"m"),0) -> 0 | AJ78: =AI78*6 -> 0 | AK78: =IF(T78>0,10,0) -> 0 | AL78: =IF(T78>0,DATEDIF(T78,TODAY(),"m"),0) -> 0 | AM78: =AL78*6 -> 0 | AN78: =IF(V78>0,10,0) -> 0 | AO78: =IF(V78>0,DATEDIF(V78,TODAY(),"m"),0) -> 0 | AP78: =AO78*6 -> 0 | AQ78: =IF(X78>0,10,0) -> 0 | AR78: =IF(X78>0,DATEDIF(X78,TODAY(),"m"),0) -> 0 | AS78: =AR78*6 -> 0 | AT78: =VLOOKUP(B78,经历时间!A:B,2,FALSE) -> 1162.48 | AU78: =IF(Q78>0,AT78*0.1,0) -> 0 | AV78: =IF(I78>0,DATEDIF(I78,TODAY(),"m"),0) -> 30 | AW78: 0 | AY78: =IFERROR(VLOOKUP(B78,'兼职+帮忙'!B:AF,28,FALSE),0) -> 0
A79: 276056 | B79: 张靖博 | C79: =VLOOKUP(B79,'姓名+分部'!A:B,2,FALSE) -> 一分部 | D79: A1 | E79: =IF(Q79>0,RANK(Y79,Y$2:Y$133),"无排名") -> 无排名 | F79: =IF(AND(Y79>1000,Q79>0,T79>0,V79>0,AV79>48,AI79>3),"可流转","继续培训") -> 继续培训 | G79: =IF(N79>0,"不考核",IF(K79>0,"B",IF(I79>0,"A2",IF(I79=0,"学员",NA())))) -> A2 | H79: =_xlfn.IFS(N79>0,"完成考核",K79>0,K79+390,I79>0,I79+120) -> 45919 | I79: 45799 | J79: =IF($I79>0,IF(K79>0,DATEDIF(I79,K79,"m"),"未完成"),"学员") -> 未完成 | L79: =IF($I79>0,IF(N79>0,DATEDIF(I79,N79,"m"),"未完成"),"学员") -> 未完成 | M79: =IF($I79>0,IF(N79>0,DATEDIF(K79,N79,"m"),"未完成"),"学员") -> 未完成 | O79: =IF($I79>0,IF(Q79>0,DATEDIF(I79,Q79,"m"),"未完成"),"学员") -> 未完成 | P79: =IF($I79>0,IF(Q79>0,DATEDIF(N79,Q79,"m"),"未完成"),"学员") -> 未完成 | S79: =IF($I79>0,IF(T79>0,DATEDIF(I79,T79,"m"),"未完成"),"学员") -> 未完成 | U79: =IF($I79>0,IF(V79>0,DATEDIF(I79,V79,"m"),"未完成"),"学员") -> 未完成 | W79: =IF($I79>0,IF(X79>0,DATEDIF(I79,X79,"m"),"未完成"),"学员") -> 未完成 | Y79: =AA79+AC79+AE79+AH79+AJ79+AM79+AP79+AS79+AW79+AX79+AY79+AU79 -> 43 | Z79: 是 | AA79: =IF(Z79="是",5,0) -> 5 | AB79: 是 | AC79: =IF(AB79="是",10,0) -> 10 | AD79: 是 | AE79: =IF(AD79="是",5,0) -> 5 | AF79: =COUNTA(K79,N79,Q79,R79)*10 -> 0 | AG79: =IF(N79>0,DATEDIF(N79,TODAY(),"m"),0) -> 0 | AH79: =AG79*3 -> 0 | AI79: =IF(Q79>0,DATEDIF(Q79,TODAY(),"m"),0) -> 0 | AJ79: =AI79*6 -> 0 | AK79: =IF(T79>0,10,0) -> 0 | AL79: =IF(T79>0,DATEDIF(T79,TODAY(),"m"),0) -> 0 | AM79: =AL79*6 -> 0 | AN79: =IF(V79>0,10,0) -> 0 | AO79: =IF(V79>0,DATEDIF(V79,TODAY(),"m"),0) -> 0 | AP79: =AO79*6 -> 0 | AQ79: =IF(X79>0,10,0) -> 0 | AR79: =IF(X79>0,DATEDIF(X79,TODAY(),"m"),0) -> 0 | AS79: =AR79*6 -> 0 | AT79: =VLOOKUP(B79,经历时间!A:B,2,FALSE) -> 1084.02 | AU79: =IF(Q79>0,AT79*0.1,0) -> 0 | AV79: =IF(I79>0,DATEDIF(I79,TODAY(),"m"),0) -> 7 | AW79: 23 | AY79: =IFERROR(VLOOKUP(B79,'兼职+帮忙'!B:AF,28,FALSE),0) -> 0
A80: 284048 | B80: 马天浩 | C80: =VLOOKUP(B80,'姓名+分部'!A:B,2,FALSE) -> 三分部 | D80: A1 | E80: =IF(Q80>0,RANK(Y80,Y$2:Y$133),"无排名") -> 无排名 | F80: =IF(AND(Y80>1000,Q80>0,T80>0,V80>0,AV80>48,AI80>3),"可流转","继续培训") -> 继续培训 | G80: =IF(N80>0,"不考核",IF(K80>0,"B",IF(I80>0,"A2",IF(I80=0,"学员",NA())))) -> A2 | H80: =_xlfn.IFS(N80>0,"完成考核",K80>0,K80+390,I80>0,I80+120) -> 45853 | I80: 45733 | J80: =IF($I80>0,IF(K80>0,DATEDIF(I80,K80,"m"),"未完成"),"学员") -> 未完成 | L80: =IF($I80>0,IF(N80>0,DATEDIF(I80,N80,"m"),"未完成"),"学员") -> 未完成 | M80: =IF($I80>0,IF(N80>0,DATEDIF(K80,N80,"m"),"未完成"),"学员") -> 未完成 | O80: =IF($I80>0,IF(Q80>0,DATEDIF(I80,Q80,"m"),"未完成"),"学员") -> 未完成 | P80: =IF($I80>0,IF(Q80>0,DATEDIF(N80,Q80,"m"),"未完成"),"学员") -> 未完成 | S80: =IF($I80>0,IF(T80>0,DATEDIF(I80,T80,"m"),"未完成"),"学员") -> 未完成 | U80: =IF($I80>0,IF(V80>0,DATEDIF(I80,V80,"m"),"未完成"),"学员") -> 未完成 | W80: =IF($I80>0,IF(X80>0,DATEDIF(I80,X80,"m"),"未完成"),"学员") -> 未完成 | Y80: =AA80+AC80+AE80+AH80+AJ80+AM80+AP80+AS80+AW80+AX80+AY80+AU80 -> 42 | Z80: 是 | AA80: =IF(Z80="是",5,0) -> 5 | AB80: 是 | AC80: =IF(AB80="是",10,0) -> 10 | AD80: 是 | AE80: =IF(AD80="是",5,0) -> 5 | AF80: =COUNTA(K80,N80,Q80,R80)*10 -> 0 | AG80: =IF(N80>0,DATEDIF(N80,TODAY(),"m"),0) -> 0 | AH80: =AG80*3 -> 0 | AI80: =IF(Q80>0,DATEDIF(Q80,TODAY(),"m"),0) -> 0 | AJ80: =AI80*6 -> 0 | AK80: =IF(T80>0,10,0) -> 0 | AL80: =IF(T80>0,DATEDIF(T80,TODAY(),"m"),0) -> 0 | AM80: =AL80*6 -> 0 | AN80: =IF(V80>0,10,0) -> 0 | AO80: =IF(V80>0,DATEDIF(V80,TODAY(),"m"),0) -> 0 | AP80: =AO80*6 -> 0 | AQ80: =IF(X80>0,10,0) -> 0 | AR80: =IF(X80>0,DATEDIF(X80,TODAY(),"m"),0) -> 0 | AS80: =AR80*6 -> 0 | AT80: =VLOOKUP(B80,经历时间!A:B,2,FALSE) -> 804.43 | AU80: =IF(Q80>0,AT80*0.1,0) -> 0 | AV80: =IF(I80>0,DATEDIF(I80,TODAY(),"m"),0) -> 9 | AW80: 22 | AY80: =IFERROR(VLOOKUP(B80,'兼职+帮忙'!B:AF,28,FALSE),0) -> 0
A81: 288733 | B81: 祁迪 | C81: =VLOOKUP(B81,'姓名+分部'!A:B,2,FALSE) -> 三分部 | D81: A1 | E81: =IF(Q81>0,RANK(Y81,Y$2:Y$133),"无排名") -> 无排名 | F81: =IF(AND(Y81>1000,Q81>0,T81>0,V81>0,AV81>48,AI81>3),"可流转","继续培训") -> 继续培训 | G81: =IF(N81>0,"不考核",IF(K81>0,"B",IF(I81>0,"A2",IF(I81=0,"学员",NA())))) -> A2 | H81: =_xlfn.IFS(N81>0,"完成考核",K81>0,K81+390,I81>0,I81+120) -> 45853 | I81: 45733 | J81: =IF($I81>0,IF(K81>0,DATEDIF(I81,K81,"m"),"未完成"),"学员") -> 未完成 | L81: =IF($I81>0,IF(N81>0,DATEDIF(I81,N81,"m"),"未完成"),"学员") -> 未完成 | M81: =IF($I81>0,IF(N81>0,DATEDIF(K81,N81,"m"),"未完成"),"学员") -> 未完成 | O81: =IF($I81>0,IF(Q81>0,DATEDIF(I81,Q81,"m"),"未完成"),"学员") -> 未完成 | P81: =IF($I81>0,IF(Q81>0,DATEDIF(N81,Q81,"m"),"未完成"),"学员") -> 未完成 | S81: =IF($I81>0,IF(T81>0,DATEDIF(I81,T81,"m"),"未完成"),"学员") -> 未完成 | U81: =IF($I81>0,IF(V81>0,DATEDIF(I81,V81,"m"),"未完成"),"学员") -> 未完成 | W81: =IF($I81>0,IF(X81>0,DATEDIF(I81,X81,"m"),"未完成"),"学员") -> 未完成 | Y81: =AA81+AC81+AE81+AH81+AJ81+AM81+AP81+AS81+AW81+AX81+AY81+AU81 -> 41 | Z81: 是 | AA81: =IF(Z81="是",5,0) -> 5 | AB81: 是 | AC81: =IF(AB81="是",10,0) -> 10 | AD81: 是 | AE81: =IF(AD81="是",5,0) -> 5 | AF81: =COUNTA(K81,N81,Q81,R81)*10 -> 0 | AG81: =IF(N81>0,DATEDIF(N81,TODAY(),"m"),0) -> 0 | AH81: =AG81*3 -> 0 | AI81: =IF(Q81>0,DATEDIF(Q81,TODAY(),"m"),0) -> 0 | AJ81: =AI81*6 -> 0 | AK81: =IF(T81>0,10,0) -> 0 | AL81: =IF(T81>0,DATEDIF(T81,TODAY(),"m"),0) -> 0 | AM81: =AL81*6 -> 0 | AN81: =IF(V81>0,10,0) -> 0 | AO81: =IF(V81>0,DATEDIF(V81,TODAY(),"m"),0) -> 0 | AP81: =AO81*6 -> 0 | AQ81: =IF(X81>0,10,0) -> 0 | AR81: =IF(X81>0,DATEDIF(X81,TODAY(),"m"),0) -> 0 | AS81: =AR81*6 -> 0 | AT81: =VLOOKUP(B81,经历时间!A:B,2,FALSE) -> 706.21 | AU81: =IF(Q81>0,AT81*0.1,0) -> 0 | AV81: =IF(I81>0,DATEDIF(I81,TODAY(),"m"),0) -> 9 | AW81: 21 | AY81: =IFERROR(VLOOKUP(B81,'兼职+帮忙'!B:AF,28,FALSE),0) -> 0
A82: 269965 | B82: 岑健勇 | C82: =VLOOKUP(B82,'姓名+分部'!A:B,2,FALSE) -> 二分部 | D82: B | E82: =IF(Q82>0,RANK(Y82,Y$2:Y$133),"无排名") -> 无排名 | F82: =IF(AND(Y82>1000,Q82>0,T82>0,V82>0,AV82>48,AI82>3),"可流转","继续培训") -> 继续培训 | G82: =IF(N82>0,"不考核",IF(K82>0,"B",IF(I82>0,"A2",IF(I82=0,"学员",NA())))) -> 不考核 | H82: =_xlfn.IFS(N82>0,"完成考核",K82>0,K82+390,I82>0,I82+120) -> 完成考核 | I82: 44641 | J82: =IF($I82>0,IF(K82>0,DATEDIF(I82,K82,"m"),"未完成"),"学员") -> 13 | K82: 45056 | L82: =IF($I82>0,IF(N82>0,DATEDIF(I82,N82,"m"),"未完成"),"学员") -> 38 | M82: =IF($I82>0,IF(N82>0,DATEDIF(K82,N82,"m"),"未完成"),"学员") -> 24 | N82: 45812 | O82: =IF($I82>0,IF(Q82>0,DATEDIF(I82,Q82,"m"),"未完成"),"学员") -> 未完成 | P82: =IF($I82>0,IF(Q82>0,DATEDIF(N82,Q82,"m"),"未完成"),"学员") -> 未完成 | S82: =IF($I82>0,IF(T82>0,DATEDIF(I82,T82,"m"),"未完成"),"学员") -> 未完成 | U82: =IF($I82>0,IF(V82>0,DATEDIF(I82,V82,"m"),"未完成"),"学员") -> 未完成 | W82: =IF($I82>0,IF(X82>0,DATEDIF(I82,X82,"m"),"未完成"),"学员") -> 未完成 | Y82: =AA82+AC82+AE82+AH82+AJ82+AM82+AP82+AS82+AW82+AX82+AY82+AU82 -> 50 | Z82: 是 | AA82: =IF(Z82="是",5,0) -> 5 | AB82: 是 | AC82: =IF(AB82="是",10,0) -> 10 | AD82: 是 | AE82: =IF(AD82="是",5,0) -> 5 | AF82: =COUNTA(K82,N82,Q82,R82)*10 -> 20 | AG82: =IF(N82>0,DATEDIF(N82,TODAY(),"m"),0) -> 7 | AH82: =AG82*3 -> 21 | AI82: =IF(Q82>0,DATEDIF(Q82,TODAY(),"m"),0) -> 0 | AJ82: =AI82*6 -> 0 | AK82: =IF(T82>0,10,0) -> 0 | AL82: =IF(T82>0,DATEDIF(T82,TODAY(),"m"),0) -> 0 | AM82: =AL82*6 -> 0 | AN82: =IF(V82>0,10,0) -> 0 | AO82: =IF(V82>0,DATEDIF(V82,TODAY(),"m"),0) -> 0 | AP82: =AO82*6 -> 0 | AQ82: =IF(X82>0,10,0) -> 0 | AR82: =IF(X82>0,DATEDIF(X82,TODAY(),"m"),0) -> 0 | AS82: =AR82*6 -> 0 | AT82: =VLOOKUP(B82,经历时间!A:B,2,FALSE) -> 1277.12 | AU82: =IF(Q82>0,AT82*0.1,0) -> 0 | AV82: =IF(I82>0,DATEDIF(I82,TODAY(),"m"),0) -> 45 | AW82: 9 | AY82: =IFERROR(VLOOKUP(B82,'兼职+帮忙'!B:AF,28,FALSE),0) -> 0
A83: 284332 | B83: 张龙龙 | C83: =VLOOKUP(B83,'姓名+分部'!A:B,2,FALSE) -> 三分部 | D83: A1 | E83: =IF(Q83>0,RANK(Y83,Y$2:Y$133),"无排名") -> 无排名 | F83: =IF(AND(Y83>1000,Q83>0,T83>0,V83>0,AV83>48,AI83>3),"可流转","继续培训") -> 继续培训 | G83: =IF(N83>0,"不考核",IF(K83>0,"B",IF(I83>0,"A2",IF(I83=0,"学员",NA())))) -> A2 | H83: =_xlfn.IFS(N83>0,"完成考核",K83>0,K83+390,I83>0,I83+120) -> 45855 | I83: 45735 | J83: =IF($I83>0,IF(K83>0,DATEDIF(I83,K83,"m"),"未完成"),"学员") -> 未完成 | L83: =IF($I83>0,IF(N83>0,DATEDIF(I83,N83,"m"),"未完成"),"学员") -> 未完成 | M83: =IF($I83>0,IF(N83>0,DATEDIF(K83,N83,"m"),"未完成"),"学员") -> 未完成 | O83: =IF($I83>0,IF(Q83>0,DATEDIF(I83,Q83,"m"),"未完成"),"学员") -> 未完成 | P83: =IF($I83>0,IF(Q83>0,DATEDIF(N83,Q83,"m"),"未完成"),"学员") -> 未完成 | S83: =IF($I83>0,IF(T83>0,DATEDIF(I83,T83,"m"),"未完成"),"学员") -> 未完成 | U83: =IF($I83>0,IF(V83>0,DATEDIF(I83,V83,"m"),"未完成"),"学员") -> 未完成 | W83: =IF($I83>0,IF(X83>0,DATEDIF(I83,X83,"m"),"未完成"),"学员") -> 未完成 | Y83: =AA83+AC83+AE83+AH83+AJ83+AM83+AP83+AS83+AW83+AX83+AY83+AU83 -> 39 | Z83: 是 | AA83: =IF(Z83="是",5,0) -> 5 | AB83: 是 | AC83: =IF(AB83="是",10,0) -> 10 | AD83: 是 | AE83: =IF(AD83="是",5,0) -> 5 | AF83: =COUNTA(K83,N83,Q83,R83)*10 -> 0 | AG83: =IF(N83>0,DATEDIF(N83,TODAY(),"m"),0) -> 0 | AH83: =AG83*3 -> 0 | AI83: =IF(Q83>0,DATEDIF(Q83,TODAY(),"m"),0) -> 0 | AJ83: =AI83*6 -> 0 | AK83: =IF(T83>0,10,0) -> 0 | AL83: =IF(T83>0,DATEDIF(T83,TODAY(),"m"),0) -> 0 | AM83: =AL83*6 -> 0 | AN83: =IF(V83>0,10,0) -> 0 | AO83: =IF(V83>0,DATEDIF(V83,TODAY(),"m"),0) -> 0 | AP83: =AO83*6 -> 0 | AQ83: =IF(X83>0,10,0) -> 0 | AR83: =IF(X83>0,DATEDIF(X83,TODAY(),"m"),0) -> 0 | AS83: =AR83*6 -> 0 | AT83: =VLOOKUP(B83,经历时间!A:B,2,FALSE) -> 663.16 | AU83: =IF(Q83>0,AT83*0.1,0) -> 0 | AV83: =IF(I83>0,DATEDIF(I83,TODAY(),"m"),0) -> 9 | AW83: 19 | AY83: =IFERROR(VLOOKUP(B83,'兼职+帮忙'!B:AF,28,FALSE),0) -> 0
A84: 263409 | B84: 刘智博 | C84: =VLOOKUP(B84,'姓名+分部'!A:B,2,FALSE) -> 三分部 | D84: A2 | E84: =IF(Q84>0,RANK(Y84,Y$2:Y$133),"无排名") -> 无排名 | F84: =IF(AND(Y84>1000,Q84>0,T84>0,V84>0,AV84>48,AI84>3),"可流转","继续培训") -> 继续培训 | G84: =IF(N84>0,"不考核",IF(K84>0,"B",IF(I84>0,"A2",IF(I84=0,"学员",NA())))) -> B | H84: =_xlfn.IFS(N84>0,"完成考核",K84>0,K84+390,I84>0,I84+120) -> 45299 | I84: 44640 | J84: =IF($I84>0,IF(K84>0,DATEDIF(I84,K84,"m"),"未完成"),"学员") -> 8 | K84: 44909 | L84: =IF($I84>0,IF(N84>0,DATEDIF(I84,N84,"m"),"未完成"),"学员") -> 未完成 | M84: =IF($I84>0,IF(N84>0,DATEDIF(K84,N84,"m"),"未完成"),"学员") -> 未完成 | O84: =IF($I84>0,IF(Q84>0,DATEDIF(I84,Q84,"m"),"未完成"),"学员") -> 未完成 | P84: =IF($I84>0,IF(Q84>0,DATEDIF(N84,Q84,"m"),"未完成"),"学员") -> 未完成 | S84: =IF($I84>0,IF(T84>0,DATEDIF(I84,T84,"m"),"未完成"),"学员") -> 未完成 | U84: =IF($I84>0,IF(V84>0,DATEDIF(I84,V84,"m"),"未完成"),"学员") -> 未完成 | W84: =IF($I84>0,IF(X84>0,DATEDIF(I84,X84,"m"),"未完成"),"学员") -> 未完成 | Y84: =AA84+AC84+AE84+AH84+AJ84+AM84+AP84+AS84+AW84+AX84+AY84+AU84 -> 28 | Z84: 是 | AA84: =IF(Z84="是",5,0) -> 5 | AB84: 是 | AC84: =IF(AB84="是",10,0) -> 10 | AD84: 是 | AE84: =IF(AD84="是",5,0) -> 5 | AF84: =COUNTA(K84,N84,Q84,R84)*10 -> 10 | AG84: =IF(N84>0,DATEDIF(N84,TODAY(),"m"),0) -> 0 | AH84: =AG84*3 -> 0 | AI84: =IF(Q84>0,DATEDIF(Q84,TODAY(),"m"),0) -> 0 | AJ84: =AI84*6 -> 0 | AK84: =IF(T84>0,10,0) -> 0 | AL84: =IF(T84>0,DATEDIF(T84,TODAY(),"m"),0) -> 0 | AM84: =AL84*6 -> 0 | AN84: =IF(V84>0,10,0) -> 0 | AO84: =IF(V84>0,DATEDIF(V84,TODAY(),"m"),0) -> 0 | AP84: =AO84*6 -> 0 | AQ84: =IF(X84>0,10,0) -> 0 | AR84: =IF(X84>0,DATEDIF(X84,TODAY(),"m"),0) -> 0 | AS84: =AR84*6 -> 0 | AT84: =VLOOKUP(B84,经历时间!A:B,2,FALSE) -> 1478.06 | AU84: =IF(Q84>0,AT84*0.1,0) -> 0 | AV84: =IF(I84>0,DATEDIF(I84,TODAY(),"m"),0) -> 45 | AW84: 8 | AY84: =IFERROR(VLOOKUP(B84,'兼职+帮忙'!B:AF,28,FALSE),0) -> 0
A85: 284331 | B85: 闫文平 | C85: =VLOOKUP(B85,'姓名+分部'!A:B,2,FALSE) -> 三分部 | D85: A1 | E85: =IF(Q85>0,RANK(Y85,Y$2:Y$133),"无排名") -> 无排名 | F85: =IF(AND(Y85>1000,Q85>0,T85>0,V85>0,AV85>48,AI85>3),"可流转","继续培训") -> 继续培训 | G85: =IF(N85>0,"不考核",IF(K85>0,"B",IF(I85>0,"A2",IF(I85=0,"学员",NA())))) -> A2 | H85: =_xlfn.IFS(N85>0,"完成考核",K85>0,K85+390,I85>0,I85+120) -> 45850 | I85: 45730 | J85: =IF($I85>0,IF(K85>0,DATEDIF(I85,K85,"m"),"未完成"),"学员") -> 未完成 | L85: =IF($I85>0,IF(N85>0,DATEDIF(I85,N85,"m"),"未完成"),"学员") -> 未完成 | M85: =IF($I85>0,IF(N85>0,DATEDIF(K85,N85,"m"),"未完成"),"学员") -> 未完成 | O85: =IF($I85>0,IF(Q85>0,DATEDIF(I85,Q85,"m"),"未完成"),"学员") -> 未完成 | P85: =IF($I85>0,IF(Q85>0,DATEDIF(N85,Q85,"m"),"未完成"),"学员") -> 未完成 | S85: =IF($I85>0,IF(T85>0,DATEDIF(I85,T85,"m"),"未完成"),"学员") -> 未完成 | U85: =IF($I85>0,IF(V85>0,DATEDIF(I85,V85,"m"),"未完成"),"学员") -> 未完成 | W85: =IF($I85>0,IF(X85>0,DATEDIF(I85,X85,"m"),"未完成"),"学员") -> 未完成 | Y85: =AA85+AC85+AE85+AH85+AJ85+AM85+AP85+AS85+AW85+AX85+AY85+AU85 -> 38 | Z85: 是 | AA85: =IF(Z85="是",5,0) -> 5 | AB85: 是 | AC85: =IF(AB85="是",10,0) -> 10 | AD85: 是 | AE85: =IF(AD85="是",5,0) -> 5 | AF85: =COUNTA(K85,N85,Q85,R85)*10 -> 0 | AG85: =IF(N85>0,DATEDIF(N85,TODAY(),"m"),0) -> 0 | AH85: =AG85*3 -> 0 | AI85: =IF(Q85>0,DATEDIF(Q85,TODAY(),"m"),0) -> 0 | AJ85: =AI85*6 -> 0 | AK85: =IF(T85>0,10,0) -> 0 | AL85: =IF(T85>0,DATEDIF(T85,TODAY(),"m"),0) -> 0 | AM85: =AL85*6 -> 0 | AN85: =IF(V85>0,10,0) -> 0 | AO85: =IF(V85>0,DATEDIF(V85,TODAY(),"m"),0) -> 0 | AP85: =AO85*6 -> 0 | AQ85: =IF(X85>0,10,0) -> 0 | AR85: =IF(X85>0,DATEDIF(X85,TODAY(),"m"),0) -> 0 | AS85: =AR85*6 -> 0 | AT85: =VLOOKUP(B85,经历时间!A:B,2,FALSE) -> 777.21 | AU85: =IF(Q85>0,AT85*0.1,0) -> 0 | AV85: =IF(I85>0,DATEDIF(I85,TODAY(),"m"),0) -> 10 | AW85: 18 | AY85: =IFERROR(VLOOKUP(B85,'兼职+帮忙'!B:AF,28,FALSE),0) -> 0
A86: 280959 | B86: 付浩东 | C86: =VLOOKUP(B86,'姓名+分部'!A:B,2,FALSE) -> 一分部 | D86: B | E86: =IF(Q86>0,RANK(Y86,Y$2:Y$133),"无排名") -> 无排名 | F86: =IF(AND(Y86>1000,Q86>0,T86>0,V86>0,AV86>48,AI86>3),"可流转","继续培训") -> 继续培训 | G86: =IF(N86>0,"不考核",IF(K86>0,"B",IF(I86>0,"A2",IF(I86=0,"学员",NA())))) -> 不考核 | H86: =_xlfn.IFS(N86>0,"完成考核",K86>0,K86+390,I86>0,I86+120) -> 完成考核 | I86: 45412 | J86: =IF($I86>0,IF(K86>0,DATEDIF(I86,K86,"m"),"未完成"),"学员") -> 11 | K86: 45750 | L86: =IF($I86>0,IF(N86>0,DATEDIF(I86,N86,"m"),"未完成"),"学员") -> 17 | M86: =IF($I86>0,IF(N86>0,DATEDIF(K86,N86,"m"),"未完成"),"学员") -> 6 | N86: 45945 | O86: =IF($I86>0,IF(Q86>0,DATEDIF(I86,Q86,"m"),"未完成"),"学员") -> 未完成 | P86: =IF($I86>0,IF(Q86>0,DATEDIF(N86,Q86,"m"),"未完成"),"学员") -> 未完成 | S86: =IF($I86>0,IF(T86>0,DATEDIF(I86,T86,"m"),"未完成"),"学员") -> 14 | T86: 45865 | U86: =IF($I86>0,IF(V86>0,DATEDIF(I86,V86,"m"),"未完成"),"学员") -> 未完成 | W86: =IF($I86>0,IF(X86>0,DATEDIF(I86,X86,"m"),"未完成"),"学员") -> 未完成 | Y86: =AA86+AC86+AE86+AH86+AJ86+AM86+AP86+AS86+AW86+AX86+AY86+AU86 -> 65 | Z86: 是 | AA86: =IF(Z86="是",5,0) -> 5 | AB86: 是 | AC86: =IF(AB86="是",10,0) -> 10 | AD86: 是 | AE86: =IF(AD86="是",5,0) -> 5 | AF86: =COUNTA(K86,N86,Q86,R86)*10 -> 20 | AG86: =IF(N86>0,DATEDIF(N86,TODAY(),"m"),0) -> 3 | AH86: =AG86*3 -> 9 | AI86: =IF(Q86>0,DATEDIF(Q86,TODAY(),"m"),0) -> 0 | AJ86: =AI86*6 -> 0 | AK86: =IF(T86>0,10,0) -> 10 | AL86: =IF(T86>0,DATEDIF(T86,TODAY(),"m"),0) -> 5 | AM86: =AL86*6 -> 30 | AN86: =IF(V86>0,10,0) -> 0 | AO86: =IF(V86>0,DATEDIF(V86,TODAY(),"m"),0) -> 0 | AP86: =AO86*6 -> 0 | AQ86: =IF(X86>0,10,0) -> 0 | AR86: =IF(X86>0,DATEDIF(X86,TODAY(),"m"),0) -> 0 | AS86: =AR86*6 -> 0 | AT86: =VLOOKUP(B86,经历时间!A:B,2,FALSE) -> 760 | AU86: =IF(Q86>0,AT86*0.1,0) -> 0 | AV86: =IF(I86>0,DATEDIF(I86,TODAY(),"m"),0) -> 20 | AW86: 6 | AY86: =IFERROR(VLOOKUP(B86,'兼职+帮忙'!B:AF,28,FALSE),0) -> 0
A87: 261778 | B87: 莫帏帏 | C87: =VLOOKUP(B87,'姓名+分部'!A:B,2,FALSE) -> 一分部 | D87: A1 | E87: =IF(Q87>0,RANK(Y87,Y$2:Y$133),"无排名") -> 无排名 | F87: =IF(AND(Y87>1000,Q87>0,T87>0,V87>0,AV87>48,AI87>3),"可流转","继续培训") -> 继续培训 | G87: =IF(N87>0,"不考核",IF(K87>0,"B",IF(I87>0,"A2",IF(I87=0,"学员",NA())))) -> A2 | H87: =_xlfn.IFS(N87>0,"完成考核",K87>0,K87+390,I87>0,I87+120) -> 45624 | I87: 45504 | J87: =IF($I87>0,IF(K87>0,DATEDIF(I87,K87,"m"),"未完成"),"学员") -> 未完成 | L87: =IF($I87>0,IF(N87>0,DATEDIF(I87,N87,"m"),"未完成"),"学员") -> 未完成 | M87: =IF($I87>0,IF(N87>0,DATEDIF(K87,N87,"m"),"未完成"),"学员") -> 未完成 | O87: =IF($I87>0,IF(Q87>0,DATEDIF(I87,Q87,"m"),"未完成"),"学员") -> 未完成 | P87: =IF($I87>0,IF(Q87>0,DATEDIF(N87,Q87,"m"),"未完成"),"学员") -> 未完成 | S87: =IF($I87>0,IF(T87>0,DATEDIF(I87,T87,"m"),"未完成"),"学员") -> 未完成 | U87: =IF($I87>0,IF(V87>0,DATEDIF(I87,V87,"m"),"未完成"),"学员") -> 未完成 | W87: =IF($I87>0,IF(X87>0,DATEDIF(I87,X87,"m"),"未完成"),"学员") -> 未完成 | Y87: =AA87+AC87+AE87+AH87+AJ87+AM87+AP87+AS87+AW87+AX87+AY87+AU87 -> 20 | Z87: 是 | AA87: =IF(Z87="是",5,0) -> 5 | AB87: 是 | AC87: =IF(AB87="是",10,0) -> 10 | AD87: 是 | AE87: =IF(AD87="是",5,0) -> 5 | AF87: =COUNTA(K87,N87,Q87,R87)*10 -> 0 | AG87: =IF(N87>0,DATEDIF(N87,TODAY(),"m"),0) -> 0 | AH87: =AG87*3 -> 0 | AI87: =IF(Q87>0,DATEDIF(Q87,TODAY(),"m"),0) -> 0 | AJ87: =AI87*6 -> 0 | AK87: =IF(T87>0,10,0) -> 0 | AL87: =IF(T87>0,DATEDIF(T87,TODAY(),"m"),0) -> 0 | AM87: =AL87*6 -> 0 | AN87: =IF(V87>0,10,0) -> 0 | AO87: =IF(V87>0,DATEDIF(V87,TODAY(),"m"),0) -> 0 | AP87: =AO87*6 -> 0 | AQ87: =IF(X87>0,10,0) -> 0 | AR87: =IF(X87>0,DATEDIF(X87,TODAY(),"m"),0) -> 0 | AS87: =AR87*6 -> 0 | AT87: =VLOOKUP(B87,经历时间!A:B,2,FALSE) -> 2196.29 | AU87: =IF(Q87>0,AT87*0.1,0) -> 0 | AV87: =IF(I87>0,DATEDIF(I87,TODAY(),"m"),0) -> 17 | AW87: 0 | AY87: =IFERROR(VLOOKUP(B87,'兼职+帮忙'!B:AF,28,FALSE),0) -> 0
A88: 284330 | B88: 庞凌博 | C88: =VLOOKUP(B88,'姓名+分部'!A:B,2,FALSE) -> 三分部 | D88: A1 | E88: =IF(Q88>0,RANK(Y88,Y$2:Y$133),"无排名") -> 无排名 | F88: =IF(AND(Y88>1000,Q88>0,T88>0,V88>0,AV88>48,AI88>3),"可流转","继续培训") -> 继续培训 | G88: =IF(N88>0,"不考核",IF(K88>0,"B",IF(I88>0,"A2",IF(I88=0,"学员",NA())))) -> A2 | H88: =_xlfn.IFS(N88>0,"完成考核",K88>0,K88+390,I88>0,I88+120) -> 45846 | I88: 45726 | J88: =IF($I88>0,IF(K88>0,DATEDIF(I88,K88,"m"),"未完成"),"学员") -> 未完成 | L88: =IF($I88>0,IF(N88>0,DATEDIF(I88,N88,"m"),"未完成"),"学员") -> 未完成 | M88: =IF($I88>0,IF(N88>0,DATEDIF(K88,N88,"m"),"未完成"),"学员") -> 未完成 | O88: =IF($I88>0,IF(Q88>0,DATEDIF(I88,Q88,"m"),"未完成"),"学员") -> 未完成 | P88: =IF($I88>0,IF(Q88>0,DATEDIF(N88,Q88,"m"),"未完成"),"学员") -> 未完成 | S88: =IF($I88>0,IF(T88>0,DATEDIF(I88,T88,"m"),"未完成"),"学员") -> 未完成 | U88: =IF($I88>0,IF(V88>0,DATEDIF(I88,V88,"m"),"未完成"),"学员") -> 未完成 | W88: =IF($I88>0,IF(X88>0,DATEDIF(I88,X88,"m"),"未完成"),"学员") -> 未完成 | Y88: =AA88+AC88+AE88+AH88+AJ88+AM88+AP88+AS88+AW88+AX88+AY88+AU88 -> 36 | Z88: 是 | AA88: =IF(Z88="是",5,0) -> 5 | AB88: 是 | AC88: =IF(AB88="是",10,0) -> 10 | AD88: 是 | AE88: =IF(AD88="是",5,0) -> 5 | AF88: =COUNTA(K88,N88,Q88,R88)*10 -> 0 | AG88: =IF(N88>0,DATEDIF(N88,TODAY(),"m"),0) -> 0 | AH88: =AG88*3 -> 0 | AI88: =IF(Q88>0,DATEDIF(Q88,TODAY(),"m"),0) -> 0 | AJ88: =AI88*6 -> 0 | AK88: =IF(T88>0,10,0) -> 0 | AL88: =IF(T88>0,DATEDIF(T88,TODAY(),"m"),0) -> 0 | AM88: =AL88*6 -> 0 | AN88: =IF(V88>0,10,0) -> 0 | AO88: =IF(V88>0,DATEDIF(V88,TODAY(),"m"),0) -> 0 | AP88: =AO88*6 -> 0 | AQ88: =IF(X88>0,10,0) -> 0 | AR88: =IF(X88>0,DATEDIF(X88,TODAY(),"m"),0) -> 0 | AS88: =AR88*6 -> 0 | AT88: =VLOOKUP(B88,经历时间!A:B,2,FALSE) -> 695.17 | AU88: =IF(Q88>0,AT88*0.1,0) -> 0 | AV88: =IF(I88>0,DATEDIF(I88,TODAY(),"m"),0) -> 10 | AW88: 16 | AY88: =IFERROR(VLOOKUP(B88,'兼职+帮忙'!B:AF,28,FALSE),0) -> 0
A89: 283749 | B89: 王年鹏 | C89: =VLOOKUP(B89,'姓名+分部'!A:B,2,FALSE) -> 一分部 | D89: A1 | E89: =IF(Q89>0,RANK(Y89,Y$2:Y$133),"无排名") -> 无排名 | F89: =IF(AND(Y89>1000,Q89>0,T89>0,V89>0,AV89>48,AI89>3),"可流转","继续培训") -> 继续培训 | G89: =IF(N89>0,"不考核",IF(K89>0,"B",IF(I89>0,"A2",IF(I89=0,"学员",NA())))) -> A2 | H89: =_xlfn.IFS(N89>0,"完成考核",K89>0,K89+390,I89>0,I89+120) -> 45846 | I89: 45726 | J89: =IF($I89>0,IF(K89>0,DATEDIF(I89,K89,"m"),"未完成"),"学员") -> 未完成 | L89: =IF($I89>0,IF(N89>0,DATEDIF(I89,N89,"m"),"未完成"),"学员") -> 未完成 | M89: =IF($I89>0,IF(N89>0,DATEDIF(K89,N89,"m"),"未完成"),"学员") -> 未完成 | O89: =IF($I89>0,IF(Q89>0,DATEDIF(I89,Q89,"m"),"未完成"),"学员") -> 未完成 | P89: =IF($I89>0,IF(Q89>0,DATEDIF(N89,Q89,"m"),"未完成"),"学员") -> 未完成 | S89: =IF($I89>0,IF(T89>0,DATEDIF(I89,T89,"m"),"未完成"),"学员") -> 未完成 | U89: =IF($I89>0,IF(V89>0,DATEDIF(I89,V89,"m"),"未完成"),"学员") -> 未完成 | W89: =IF($I89>0,IF(X89>0,DATEDIF(I89,X89,"m"),"未完成"),"学员") -> 未完成 | Y89: =AA89+AC89+AE89+AH89+AJ89+AM89+AP89+AS89+AW89+AX89+AY89+AU89 -> 35 | Z89: 是 | AA89: =IF(Z89="是",5,0) -> 5 | AB89: 是 | AC89: =IF(AB89="是",10,0) -> 10 | AD89: 是 | AE89: =IF(AD89="是",5,0) -> 5 | AF89: =COUNTA(K89,N89,Q89,R89)*10 -> 0 | AG89: =IF(N89>0,DATEDIF(N89,TODAY(),"m"),0) -> 0 | AH89: =AG89*3 -> 0 | AI89: =IF(Q89>0,DATEDIF(Q89,TODAY(),"m"),0) -> 0 | AJ89: =AI89*6 -> 0 | AK89: =IF(T89>0,10,0) -> 0 | AL89: =IF(T89>0,DATEDIF(T89,TODAY(),"m"),0) -> 0 | AM89: =AL89*6 -> 0 | AN89: =IF(V89>0,10,0) -> 0 | AO89: =IF(V89>0,DATEDIF(V89,TODAY(),"m"),0) -> 0 | AP89: =AO89*6 -> 0 | AQ89: =IF(X89>0,10,0) -> 0 | AR89: =IF(X89>0,DATEDIF(X89,TODAY(),"m"),0) -> 0 | AS89: =AR89*6 -> 0 | AT89: =VLOOKUP(B89,经历时间!A:B,2,FALSE) -> 784.12 | AU89: =IF(Q89>0,AT89*0.1,0) -> 0 | AV89: =IF(I89>0,DATEDIF(I89,TODAY(),"m"),0) -> 10 | AW89: 15 | AY89: =IFERROR(VLOOKUP(B89,'兼职+帮忙'!B:AF,28,FALSE),0) -> 0
A90: 283601 | B90: 彭雪峰 | C90: =VLOOKUP(B90,'姓名+分部'!A:B,2,FALSE) -> 一分部 | D90: A1 | E90: =IF(Q90>0,RANK(Y90,Y$2:Y$133),"无排名") -> 无排名 | F90: =IF(AND(Y90>1000,Q90>0,T90>0,V90>0,AV90>48,AI90>3),"可流转","继续培训") -> 继续培训 | G90: =IF(N90>0,"不考核",IF(K90>0,"B",IF(I90>0,"A2",IF(I90=0,"学员",NA())))) -> A2 | H90: =_xlfn.IFS(N90>0,"完成考核",K90>0,K90+390,I90>0,I90+120) -> 45846 | I90: 45726 | J90: =IF($I90>0,IF(K90>0,DATEDIF(I90,K90,"m"),"未完成"),"学员") -> 未完成 | L90: =IF($I90>0,IF(N90>0,DATEDIF(I90,N90,"m"),"未完成"),"学员") -> 未完成 | M90: =IF($I90>0,IF(N90>0,DATEDIF(K90,N90,"m"),"未完成"),"学员") -> 未完成 | O90: =IF($I90>0,IF(Q90>0,DATEDIF(I90,Q90,"m"),"未完成"),"学员") -> 未完成 | P90: =IF($I90>0,IF(Q90>0,DATEDIF(N90,Q90,"m"),"未完成"),"学员") -> 未完成 | S90: =IF($I90>0,IF(T90>0,DATEDIF(I90,T90,"m"),"未完成"),"学员") -> 未完成 | U90: =IF($I90>0,IF(V90>0,DATEDIF(I90,V90,"m"),"未完成"),"学员") -> 未完成 | W90: =IF($I90>0,IF(X90>0,DATEDIF(I90,X90,"m"),"未完成"),"学员") -> 未完成 | Y90: =AA90+AC90+AE90+AH90+AJ90+AM90+AP90+AS90+AW90+AX90+AY90+AU90 -> 34 | Z90: 是 | AA90: =IF(Z90="是",5,0) -> 5 | AB90: 是 | AC90: =IF(AB90="是",10,0) -> 10 | AD90: 是 | AE90: =IF(AD90="是",5,0) -> 5 | AF90: =COUNTA(K90,N90,Q90,R90)*10 -> 0 | AG90: =IF(N90>0,DATEDIF(N90,TODAY(),"m"),0) -> 0 | AH90: =AG90*3 -> 0 | AI90: =IF(Q90>0,DATEDIF(Q90,TODAY(),"m"),0) -> 0 | AJ90: =AI90*6 -> 0 | AK90: =IF(T90>0,10,0) -> 0 | AL90: =IF(T90>0,DATEDIF(T90,TODAY(),"m"),0) -> 0 | AM90: =AL90*6 -> 0 | AN90: =IF(V90>0,10,0) -> 0 | AO90: =IF(V90>0,DATEDIF(V90,TODAY(),"m"),0) -> 0 | AP90: =AO90*6 -> 0 | AQ90: =IF(X90>0,10,0) -> 0 | AR90: =IF(X90>0,DATEDIF(X90,TODAY(),"m"),0) -> 0 | AS90: =AR90*6 -> 0 | AT90: =VLOOKUP(B90,经历时间!A:B,2,FALSE) -> 800.01 | AU90: =IF(Q90>0,AT90*0.1,0) -> 0 | AV90: =IF(I90>0,DATEDIF(I90,TODAY(),"m"),0) -> 10 | AW90: 14 | AY90: =IFERROR(VLOOKUP(B90,'兼职+帮忙'!B:AF,28,FALSE),0) -> 0
A91: 213858 | B91: 杨帮翔 | C91: =VLOOKUP(B91,'姓名+分部'!A:B,2,FALSE) -> 二分部 | D91: A2 | E91: =IF(Q91>0,RANK(Y91,Y$2:Y$133),"无排名") -> 无排名 | F91: =IF(AND(Y91>1000,Q91>0,T91>0,V91>0,AV91>48,AI91>3),"可流转","继续培训") -> 继续培训 | G91: =IF(N91>0,"不考核",IF(K91>0,"B",IF(I91>0,"A2",IF(I91=0,"学员",NA())))) -> B | H91: =_xlfn.IFS(N91>0,"完成考核",K91>0,K91+390,I91>0,I91+120) -> 45859 | I91: 45018 | J91: =IF($I91>0,IF(K91>0,DATEDIF(I91,K91,"m"),"未完成"),"学员") -> 14 | K91: 45469 | L91: =IF($I91>0,IF(N91>0,DATEDIF(I91,N91,"m"),"未完成"),"学员") -> 未完成 | M91: =IF($I91>0,IF(N91>0,DATEDIF(K91,N91,"m"),"未完成"),"学员") -> 未完成 | O91: =IF($I91>0,IF(Q91>0,DATEDIF(I91,Q91,"m"),"未完成"),"学员") -> 未完成 | P91: =IF($I91>0,IF(Q91>0,DATEDIF(N91,Q91,"m"),"未完成"),"学员") -> 未完成 | S91: =IF($I91>0,IF(T91>0,DATEDIF(I91,T91,"m"),"未完成"),"学员") -> 26 | T91: 45837 | U91: =IF($I91>0,IF(V91>0,DATEDIF(I91,V91,"m"),"未完成"),"学员") -> 未完成 | W91: =IF($I91>0,IF(X91>0,DATEDIF(I91,X91,"m"),"未完成"),"学员") -> 未完成 | Y91: =AA91+AC91+AE91+AH91+AJ91+AM91+AP91+AS91+AW91+AX91+AY91+AU91 -> 56 | Z91: 是 | AA91: =IF(Z91="是",5,0) -> 5 | AB91: 是 | AC91: =IF(AB91="是",10,0) -> 10 | AD91: 是 | AE91: =IF(AD91="是",5,0) -> 5 | AF91: =COUNTA(K91,N91,Q91,R91)*10 -> 10 | AG91: =IF(N91>0,DATEDIF(N91,TODAY(),"m"),0) -> 0 | AH91: =AG91*3 -> 0 | AI91: =IF(Q91>0,DATEDIF(Q91,TODAY(),"m"),0) -> 0 | AJ91: =AI91*6 -> 0 | AK91: =IF(T91>0,10,0) -> 10 | AL91: =IF(T91>0,DATEDIF(T91,TODAY(),"m"),0) -> 6 | AM91: =AL91*6 -> 36 | AN91: =IF(V91>0,10,0) -> 0 | AO91: =IF(V91>0,DATEDIF(V91,TODAY(),"m"),0) -> 0 | AP91: =AO91*6 -> 0 | AQ91: =IF(X91>0,10,0) -> 0 | AR91: =IF(X91>0,DATEDIF(X91,TODAY(),"m"),0) -> 0 | AS91: =AR91*6 -> 0 | AT91: =VLOOKUP(B91,经历时间!A:B,2,FALSE) -> 6627.03 | AU91: =IF(Q91>0,AT91*0.1,0) -> 0 | AV91: =IF(I91>0,DATEDIF(I91,TODAY(),"m"),0) -> 33 | AW91: 0 | AY91: =IFERROR(VLOOKUP(B91,'兼职+帮忙'!B:AF,28,FALSE),0) -> 0
A92: 276388 | B92: 崔书宝 | C92: =VLOOKUP(B92,'姓名+分部'!A:B,2,FALSE) -> 一分部 | D92: B | E92: =IF(Q92>0,RANK(Y92,Y$2:Y$133),"无排名") -> 无排名 | F92: =IF(AND(Y92>1000,Q92>0,T92>0,V92>0,AV92>48,AI92>3),"可流转","继续培训") -> 继续培训 | G92: =IF(N92>0,"不考核",IF(K92>0,"B",IF(I92>0,"A2",IF(I92=0,"学员",NA())))) -> 不考核 | H92: =_xlfn.IFS(N92>0,"完成考核",K92>0,K92+390,I92>0,I92+120) -> 完成考核 | I92: 45315 | J92: =IF($I92>0,IF(K92>0,DATEDIF(I92,K92,"m"),"未完成"),"学员") -> 6 | K92: 45524 | L92: =IF($I92>0,IF(N92>0,DATEDIF(I92,N92,"m"),"未完成"),"学员") -> 17 | M92: =IF($I92>0,IF(N92>0,DATEDIF(K92,N92,"m"),"未完成"),"学员") -> 10 | N92: 45834 | O92: =IF($I92>0,IF(Q92>0,DATEDIF(I92,Q92,"m"),"未完成"),"学员") -> 未完成 | P92: =IF($I92>0,IF(Q92>0,DATEDIF(N92,Q92,"m"),"未完成"),"学员") -> 未完成 | S92: =IF($I92>0,IF(T92>0,DATEDIF(I92,T92,"m"),"未完成"),"学员") -> 未完成 | U92: =IF($I92>0,IF(V92>0,DATEDIF(I92,V92,"m"),"未完成"),"学员") -> 17 | V92: 45834 | W92: =IF($I92>0,IF(X92>0,DATEDIF(I92,X92,"m"),"未完成"),"学员") -> 未完成 | Y92: =AA92+AC92+AE92+AH92+AJ92+AM92+AP92+AS92+AW92+AX92+AY92+AU92 -> 74 | Z92: 是 | AA92: =IF(Z92="是",5,0) -> 5 | AB92: 是 | AC92: =IF(AB92="是",10,0) -> 10 | AD92: 是 | AE92: =IF(AD92="是",5,0) -> 5 | AF92: =COUNTA(K92,N92,Q92,R92)*10 -> 20 | AG92: =IF(N92>0,DATEDIF(N92,TODAY(),"m"),0) -> 6 | AH92: =AG92*3 -> 18 | AI92: =IF(Q92>0,DATEDIF(Q92,TODAY(),"m"),0) -> 0 | AJ92: =AI92*6 -> 0 | AK92: =IF(T92>0,10,0) -> 0 | AL92: =IF(T92>0,DATEDIF(T92,TODAY(),"m"),0) -> 0 | AM92: =AL92*6 -> 0 | AN92: =IF(V92>0,10,0) -> 10 | AO92: =IF(V92>0,DATEDIF(V92,TODAY(),"m"),0) -> 6 | AP92: =AO92*6 -> 36 | AQ92: =IF(X92>0,10,0) -> 0 | AR92: =IF(X92>0,DATEDIF(X92,TODAY(),"m"),0) -> 0 | AS92: =AR92*6 -> 0 | AT92: =VLOOKUP(B92,经历时间!A:B,2,FALSE) -> 1152.28 | AU92: =IF(Q92>0,AT92*0.1,0) -> 0 | AV92: =IF(I92>0,DATEDIF(I92,TODAY(),"m"),0) -> 23 | AW92: 0 | AY92: =IFERROR(VLOOKUP(B92,'兼职+帮忙'!B:AF,28,FALSE),0) -> 0
A93: 270788 | B93: 朱珉君 | C93: =VLOOKUP(B93,'姓名+分部'!A:B,2,FALSE) -> 三分部 | D93: A2 | E93: =IF(Q93>0,RANK(Y93,Y$2:Y$133),"无排名") -> 无排名 | F93: =IF(AND(Y93>1000,Q93>0,T93>0,V93>0,AV93>48,AI93>3),"可流转","继续培训") -> 继续培训 | G93: =IF(N93>0,"不考核",IF(K93>0,"B",IF(I93>0,"A2",IF(I93=0,"学员",NA())))) -> B | H93: =_xlfn.IFS(N93>0,"完成考核",K93>0,K93+390,I93>0,I93+120) -> 46032 | I93: 45149 | J93: =IF($I93>0,IF(K93>0,DATEDIF(I93,K93,"m"),"未完成"),"学员") -> 16 | K93: 45642 | L93: =IF($I93>0,IF(N93>0,DATEDIF(I93,N93,"m"),"未完成"),"学员") -> 未完成 | M93: =IF($I93>0,IF(N93>0,DATEDIF(K93,N93,"m"),"未完成"),"学员") -> 未完成 | O93: =IF($I93>0,IF(Q93>0,DATEDIF(I93,Q93,"m"),"未完成"),"学员") -> 未完成 | P93: =IF($I93>0,IF(Q93>0,DATEDIF(N93,Q93,"m"),"未完成"),"学员") -> 未完成 | S93: =IF($I93>0,IF(T93>0,DATEDIF(I93,T93,"m"),"未完成"),"学员") -> 未完成 | U93: =IF($I93>0,IF(V93>0,DATEDIF(I93,V93,"m"),"未完成"),"学员") -> 未完成 | W93: =IF($I93>0,IF(X93>0,DATEDIF(I93,X93,"m"),"未完成"),"学员") -> 未完成 | Y93: =AA93+AC93+AE93+AH93+AJ93+AM93+AP93+AS93+AW93+AX93+AY93+AU93 -> 20 | Z93: 是 | AA93: =IF(Z93="是",5,0) -> 5 | AB93: 是 | AC93: =IF(AB93="是",10,0) -> 10 | AD93: 是 | AE93: =IF(AD93="是",5,0) -> 5 | AF93: =COUNTA(K93,N93,Q93,R93)*10 -> 10 | AG93: =IF(N93>0,DATEDIF(N93,TODAY(),"m"),0) -> 0 | AH93: =AG93*3 -> 0 | AI93: =IF(Q93>0,DATEDIF(Q93,TODAY(),"m"),0) -> 0 | AJ93: =AI93*6 -> 0 | AK93: =IF(T93>0,10,0) -> 0 | AL93: =IF(T93>0,DATEDIF(T93,TODAY(),"m"),0) -> 0 | AM93: =AL93*6 -> 0 | AN93: =IF(V93>0,10,0) -> 0 | AO93: =IF(V93>0,DATEDIF(V93,TODAY(),"m"),0) -> 0 | AP93: =AO93*6 -> 0 | AQ93: =IF(X93>0,10,0) -> 0 | AR93: =IF(X93>0,DATEDIF(X93,TODAY(),"m"),0) -> 0 | AS93: =AR93*6 -> 0 | AT93: =VLOOKUP(B93,经历时间!A:B,2,FALSE) -> 999.27 | AU93: =IF(Q93>0,AT93*0.1,0) -> 0 | AV93: =IF(I93>0,DATEDIF(I93,TODAY(),"m"),0) -> 29 | AW93: 0 | AY93: =IFERROR(VLOOKUP(B93,'兼职+帮忙'!B:AF,28,FALSE),0) -> 0
A94: 276385 | B94: 华显涛 | C94: =VLOOKUP(B94,'姓名+分部'!A:B,2,FALSE) -> 二分部 | D94: A2 | E94: =IF(Q94>0,RANK(Y94,Y$2:Y$133),"无排名") -> 无排名 | F94: =IF(AND(Y94>1000,Q94>0,T94>0,V94>0,AV94>48,AI94>3),"可流转","继续培训") -> 继续培训 | G94: =IF(N94>0,"不考核",IF(K94>0,"B",IF(I94>0,"A2",IF(I94=0,"学员",NA())))) -> B | H94: =_xlfn.IFS(N94>0,"完成考核",K94>0,K94+390,I94>0,I94+120) -> 45992 | I94: 45278 | J94: =IF($I94>0,IF(K94>0,DATEDIF(I94,K94,"m"),"未完成"),"学员") -> 10 | K94: 45602 | L94: =IF($I94>0,IF(N94>0,DATEDIF(I94,N94,"m"),"未完成"),"学员") -> 未完成 | M94: =IF($I94>0,IF(N94>0,DATEDIF(K94,N94,"m"),"未完成"),"学员") -> 未完成 | O94: =IF($I94>0,IF(Q94>0,DATEDIF(I94,Q94,"m"),"未完成"),"学员") -> 未完成 | P94: =IF($I94>0,IF(Q94>0,DATEDIF(N94,Q94,"m"),"未完成"),"学员") -> 未完成 | S94: =IF($I94>0,IF(T94>0,DATEDIF(I94,T94,"m"),"未完成"),"学员") -> 未完成 | U94: =IF($I94>0,IF(V94>0,DATEDIF(I94,V94,"m"),"未完成"),"学员") -> 未完成 | W94: =IF($I94>0,IF(X94>0,DATEDIF(I94,X94,"m"),"未完成"),"学员") -> 未完成 | Y94: =AA94+AC94+AE94+AH94+AJ94+AM94+AP94+AS94+AW94+AX94+AY94+AU94 -> 20 | Z94: 是 | AA94: =IF(Z94="是",5,0) -> 5 | AB94: 是 | AC94: =IF(AB94="是",10,0) -> 10 | AD94: 是 | AE94: =IF(AD94="是",5,0) -> 5 | AF94: =COUNTA(K94,N94,Q94,R94)*10 -> 10 | AG94: =IF(N94>0,DATEDIF(N94,TODAY(),"m"),0) -> 0 | AH94: =AG94*3 -> 0 | AI94: =IF(Q94>0,DATEDIF(Q94,TODAY(),"m"),0) -> 0 | AJ94: =AI94*6 -> 0 | AK94: =IF(T94>0,10,0) -> 0 | AL94: =IF(T94>0,DATEDIF(T94,TODAY(),"m"),0) -> 0 | AM94: =AL94*6 -> 0 | AN94: =IF(V94>0,10,0) -> 0 | AO94: =IF(V94>0,DATEDIF(V94,TODAY(),"m"),0) -> 0 | AP94: =AO94*6 -> 0 | AQ94: =IF(X94>0,10,0) -> 0 | AR94: =IF(X94>0,DATEDIF(X94,TODAY(),"m"),0) -> 0 | AS94: =AR94*6 -> 0 | AT94: =VLOOKUP(B94,经历时间!A:B,2,FALSE) -> 1084.16 | AU94: =IF(Q94>0,AT94*0.1,0) -> 0 | AV94: =IF(I94>0,DATEDIF(I94,TODAY(),"m"),0) -> 24 | AW94: 0 | AY94: =IFERROR(VLOOKUP(B94,'兼职+帮忙'!B:AF,28,FALSE),0) -> 0
A95: 274982 | B95: 陈柏言 | C95: =VLOOKUP(B95,'姓名+分部'!A:B,2,FALSE) -> 一分部 | D95: B | E95: =IF(Q95>0,RANK(Y95,Y$2:Y$133),"无排名") -> 无排名 | F95: =IF(AND(Y95>1000,Q95>0,T95>0,V95>0,AV95>48,AI95>3),"可流转","继续培训") -> 继续培训 | G95: =IF(N95>0,"不考核",IF(K95>0,"B",IF(I95>0,"A2",IF(I95=0,"学员",NA())))) -> 不考核 | H95: =_xlfn.IFS(N95>0,"完成考核",K95>0,K95+390,I95>0,I95+120) -> 完成考核 | I95: 45385 | J95: =IF($I95>0,IF(K95>0,DATEDIF(I95,K95,"m"),"未完成"),"学员") -> 9 | K95: 45673 | L95: =IF($I95>0,IF(N95>0,DATEDIF(I95,N95,"m"),"未完成"),"学员") -> 17 | M95: =IF($I95>0,IF(N95>0,DATEDIF(K95,N95,"m"),"未完成"),"学员") -> 8 | N95: 45924 | O95: =IF($I95>0,IF(Q95>0,DATEDIF(I95,Q95,"m"),"未完成"),"学员") -> 未完成 | P95: =IF($I95>0,IF(Q95>0,DATEDIF(N95,Q95,"m"),"未完成"),"学员") -> 未完成 | S95: =IF($I95>0,IF(T95>0,DATEDIF(I95,T95,"m"),"未完成"),"学员") -> 12 | T95: 45750 | U95: =IF($I95>0,IF(V95>0,DATEDIF(I95,V95,"m"),"未完成"),"学员") -> 未完成 | W95: =IF($I95>0,IF(X95>0,DATEDIF(I95,X95,"m"),"未完成"),"学员") -> 未完成 | Y95: =AA95+AC95+AE95+AH95+AJ95+AM95+AP95+AS95+AW95+AX95+AY95+AU95 -> 83 | Z95: 是 | AA95: =IF(Z95="是",5,0) -> 5 | AB95: 是 | AC95: =IF(AB95="是",10,0) -> 10 | AD95: 是 | AE95: =IF(AD95="是",5,0) -> 5 | AF95: =COUNTA(K95,N95,Q95,R95)*10 -> 20 | AG95: =IF(N95>0,DATEDIF(N95,TODAY(),"m"),0) -> 3 | AH95: =AG95*3 -> 9 | AI95: =IF(Q95>0,DATEDIF(Q95,TODAY(),"m"),0) -> 0 | AJ95: =AI95*6 -> 0 | AK95: =IF(T95>0,10,0) -> 10 | AL95: =IF(T95>0,DATEDIF(T95,TODAY(),"m"),0) -> 9 | AM95: =AL95*6 -> 54 | AN95: =IF(V95>0,10,0) -> 0 | AO95: =IF(V95>0,DATEDIF(V95,TODAY(),"m"),0) -> 0 | AP95: =AO95*6 -> 0 | AQ95: =IF(X95>0,10,0) -> 0 | AR95: =IF(X95>0,DATEDIF(X95,TODAY(),"m"),0) -> 0 | AS95: =AR95*6 -> 0 | AT95: =VLOOKUP(B95,经历时间!A:B,2,FALSE) -> 1313.19 | AU95: =IF(Q95>0,AT95*0.1,0) -> 0 | AV95: =IF(I95>0,DATEDIF(I95,TODAY(),"m"),0) -> 21 | AW95: 0 | AY95: =IFERROR(VLOOKUP(B95,'兼职+帮忙'!B:AF,28,FALSE),0) -> 0
A96: 278680 | B96: 陈健 | C96: =VLOOKUP(B96,'姓名+分部'!A:B,2,FALSE) -> 二分部 | D96: A2 | E96: =IF(Q96>0,RANK(Y96,Y$2:Y$133),"无排名") -> 无排名 | F96: =IF(AND(Y96>1000,Q96>0,T96>0,V96>0,AV96>48,AI96>3),"可流转","继续培训") -> 继续培训 | G96: =IF(N96>0,"不考核",IF(K96>0,"B",IF(I96>0,"A2",IF(I96=0,"学员",NA())))) -> B | H96: =_xlfn.IFS(N96>0,"完成考核",K96>0,K96+390,I96>0,I96+120) -> 46087 | I96: 45321 | J96: =IF($I96>0,IF(K96>0,DATEDIF(I96,K96,"m"),"未完成"),"学员") -> 12 | K96: 45697 | L96: =IF($I96>0,IF(N96>0,DATEDIF(I96,N96,"m"),"未完成"),"学员") -> 未完成 | M96: =IF($I96>0,IF(N96>0,DATEDIF(K96,N96,"m"),"未完成"),"学员") -> 未完成 | O96: =IF($I96>0,IF(Q96>0,DATEDIF(I96,Q96,"m"),"未完成"),"学员") -> 未完成 | P96: =IF($I96>0,IF(Q96>0,DATEDIF(N96,Q96,"m"),"未完成"),"学员") -> 未完成 | S96: =IF($I96>0,IF(T96>0,DATEDIF(I96,T96,"m"),"未完成"),"学员") -> 14 | T96: 45754 | U96: =IF($I96>0,IF(V96>0,DATEDIF(I96,V96,"m"),"未完成"),"学员") -> 未完成 | W96: =IF($I96>0,IF(X96>0,DATEDIF(I96,X96,"m"),"未完成"),"学员") -> 未完成 | Y96: =AA96+AC96+AE96+AH96+AJ96+AM96+AP96+AS96+AW96+AX96+AY96+AU96 -> 74 | Z96: 是 | AA96: =IF(Z96="是",5,0) -> 5 | AB96: 是 | AC96: =IF(AB96="是",10,0) -> 10 | AD96: 是 | AE96: =IF(AD96="是",5,0) -> 5 | AF96: =COUNTA(K96,N96,Q96,R96)*10 -> 10 | AG96: =IF(N96>0,DATEDIF(N96,TODAY(),"m"),0) -> 0 | AH96: =AG96*3 -> 0 | AI96: =IF(Q96>0,DATEDIF(Q96,TODAY(),"m"),0) -> 0 | AJ96: =AI96*6 -> 0 | AK96: =IF(T96>0,10,0) -> 10 | AL96: =IF(T96>0,DATEDIF(T96,TODAY(),"m"),0) -> 9 | AM96: =AL96*6 -> 54 | AN96: =IF(V96>0,10,0) -> 0 | AO96: =IF(V96>0,DATEDIF(V96,TODAY(),"m"),0) -> 0 | AP96: =AO96*6 -> 0 | AQ96: =IF(X96>0,10,0) -> 0 | AR96: =IF(X96>0,DATEDIF(X96,TODAY(),"m"),0) -> 0 | AS96: =AR96*6 -> 0 | AT96: =VLOOKUP(B96,经历时间!A:B,2,FALSE) -> 868.52 | AU96: =IF(Q96>0,AT96*0.1,0) -> 0 | AV96: =IF(I96>0,DATEDIF(I96,TODAY(),"m"),0) -> 23 | AW96: 0 | AY96: =IFERROR(VLOOKUP(B96,'兼职+帮忙'!B:AF,28,FALSE),0) -> 0
A97: 280875 | B97: 付杰明 | C97: =VLOOKUP(B97,'姓名+分部'!A:B,2,FALSE) -> 二分部 | D97: A2 | E97: =IF(Q97>0,RANK(Y97,Y$2:Y$133),"无排名") -> 无排名 | F97: =IF(AND(Y97>1000,Q97>0,T97>0,V97>0,AV97>48,AI97>3),"可流转","继续培训") -> 继续培训 | G97: =IF(N97>0,"不考核",IF(K97>0,"B",IF(I97>0,"A2",IF(I97=0,"学员",NA())))) -> B | H97: =_xlfn.IFS(N97>0,"完成考核",K97>0,K97+390,I97>0,I97+120) -> 46052 | I97: 45419 | J97: =IF($I97>0,IF(K97>0,DATEDIF(I97,K97,"m"),"未完成"),"学员") -> 7 | K97: 45662 | L97: =IF($I97>0,IF(N97>0,DATEDIF(I97,N97,"m"),"未完成"),"学员") -> 未完成 | M97: =IF($I97>0,IF(N97>0,DATEDIF(K97,N97,"m"),"未完成"),"学员") -> 未完成 | O97: =IF($I97>0,IF(Q97>0,DATEDIF(I97,Q97,"m"),"未完成"),"学员") -> 未完成 | P97: =IF($I97>0,IF(Q97>0,DATEDIF(N97,Q97,"m"),"未完成"),"学员") -> 未完成 | S97: =IF($I97>0,IF(T97>0,DATEDIF(I97,T97,"m"),"未完成"),"学员") -> 未完成 | U97: =IF($I97>0,IF(V97>0,DATEDIF(I97,V97,"m"),"未完成"),"学员") -> 未完成 | W97: =IF($I97>0,IF(X97>0,DATEDIF(I97,X97,"m"),"未完成"),"学员") -> 未完成 | Y97: =AA97+AC97+AE97+AH97+AJ97+AM97+AP97+AS97+AW97+AX97+AY97+AU97 -> 20 | Z97: 是 | AA97: =IF(Z97="是",5,0) -> 5 | AB97: 是 | AC97: =IF(AB97="是",10,0) -> 10 | AD97: 是 | AE97: =IF(AD97="是",5,0) -> 5 | AF97: =COUNTA(K97,N97,Q97,R97)*10 -> 10 | AG97: =IF(N97>0,DATEDIF(N97,TODAY(),"m"),0) -> 0 | AH97: =AG97*3 -> 0 | AI97: =IF(Q97>0,DATEDIF(Q97,TODAY(),"m"),0) -> 0 | AJ97: =AI97*6 -> 0 | AK97: =IF(T97>0,10,0) -> 0 | AL97: =IF(T97>0,DATEDIF(T97,TODAY(),"m"),0) -> 0 | AM97: =AL97*6 -> 0 | AN97: =IF(V97>0,10,0) -> 0 | AO97: =IF(V97>0,DATEDIF(V97,TODAY(),"m"),0) -> 0 | AP97: =AO97*6 -> 0 | AQ97: =IF(X97>0,10,0) -> 0 | AR97: =IF(X97>0,DATEDIF(X97,TODAY(),"m"),0) -> 0 | AS97: =AR97*6 -> 0 | AT97: =VLOOKUP(B97,经历时间!A:B,2,FALSE) -> 1299.07 | AU97: =IF(Q97>0,AT97*0.1,0) -> 0 | AV97: =IF(I97>0,DATEDIF(I97,TODAY(),"m"),0) -> 20 | AW97: 0 | AY97: =IFERROR(VLOOKUP(B97,'兼职+帮忙'!B:AF,28,FALSE),0) -> 0
A98: 215555 | B98: 周桐 | C98: =VLOOKUP(B98,'姓名+分部'!A:B,2,FALSE) -> 一分部 | D98: A2 | E98: =IF(Q98>0,RANK(Y98,Y$2:Y$133),"无排名") -> 无排名 | F98: =IF(AND(Y98>1000,Q98>0,T98>0,V98>0,AV98>48,AI98>3),"可流转","继续培训") -> 继续培训 | G98: =IF(N98>0,"不考核",IF(K98>0,"B",IF(I98>0,"A2",IF(I98=0,"学员",NA())))) -> B | H98: =_xlfn.IFS(N98>0,"完成考核",K98>0,K98+390,I98>0,I98+120) -> 46094 | I98: 45488 | J98: =IF($I98>0,IF(K98>0,DATEDIF(I98,K98,"m"),"未完成"),"学员") -> 7 | K98: 45704 | L98: =IF($I98>0,IF(N98>0,DATEDIF(I98,N98,"m"),"未完成"),"学员") -> 未完成 | M98: =IF($I98>0,IF(N98>0,DATEDIF(K98,N98,"m"),"未完成"),"学员") -> 未完成 | O98: =IF($I98>0,IF(Q98>0,DATEDIF(I98,Q98,"m"),"未完成"),"学员") -> 未完成 | P98: =IF($I98>0,IF(Q98>0,DATEDIF(N98,Q98,"m"),"未完成"),"学员") -> 未完成 | S98: =IF($I98>0,IF(T98>0,DATEDIF(I98,T98,"m"),"未完成"),"学员") -> 9 | T98: 45765 | U98: =IF($I98>0,IF(V98>0,DATEDIF(I98,V98,"m"),"未完成"),"学员") -> 未完成 | W98: =IF($I98>0,IF(X98>0,DATEDIF(I98,X98,"m"),"未完成"),"学员") -> 未完成 | Y98: =AA98+AC98+AE98+AH98+AJ98+AM98+AP98+AS98+AW98+AX98+AY98+AU98 -> 68 | Z98: 是 | AA98: =IF(Z98="是",5,0) -> 5 | AB98: 是 | AC98: =IF(AB98="是",10,0) -> 10 | AD98: 是 | AE98: =IF(AD98="是",5,0) -> 5 | AF98: =COUNTA(K98,N98,Q98,R98)*10 -> 10 | AG98: =IF(N98>0,DATEDIF(N98,TODAY(),"m"),0) -> 0 | AH98: =AG98*3 -> 0 | AI98: =IF(Q98>0,DATEDIF(Q98,TODAY(),"m"),0) -> 0 | AJ98: =AI98*6 -> 0 | AK98: =IF(T98>0,10,0) -> 10 | AL98: =IF(T98>0,DATEDIF(T98,TODAY(),"m"),0) -> 8 | AM98: =AL98*6 -> 48 | AN98: =IF(V98>0,10,0) -> 0 | AO98: =IF(V98>0,DATEDIF(V98,TODAY(),"m"),0) -> 0 | AP98: =AO98*6 -> 0 | AQ98: =IF(X98>0,10,0) -> 0 | AR98: =IF(X98>0,DATEDIF(X98,TODAY(),"m"),0) -> 0 | AS98: =AR98*6 -> 0 | AT98: =VLOOKUP(B98,经历时间!A:B,2,FALSE) -> 4870.27 | AU98: =IF(Q98>0,AT98*0.1,0) -> 0 | AV98: =IF(I98>0,DATEDIF(I98,TODAY(),"m"),0) -> 18 | AW98: 0 | AY98: =IFERROR(VLOOKUP(B98,'兼职+帮忙'!B:AF,28,FALSE),0) -> 0
A99: 236219 | B99: 刘育辰 | C99: =VLOOKUP(B99,'姓名+分部'!A:B,2,FALSE) -> 二分部 | D99: B | E99: =IF(Q99>0,RANK(Y99,Y$2:Y$133),"无排名") -> 无排名 | F99: =IF(AND(Y99>1000,Q99>0,T99>0,V99>0,AV99>48,AI99>3),"可流转","继续培训") -> 继续培训 | G99: =IF(N99>0,"不考核",IF(K99>0,"B",IF(I99>0,"A2",IF(I99=0,"学员",NA())))) -> 不考核 | H99: =_xlfn.IFS(N99>0,"完成考核",K99>0,K99+390,I99>0,I99+120) -> 完成考核 | I99: 43024 | J99: =IF($I99>0,IF(K99>0,DATEDIF(I99,K99,"m"),"未完成"),"学员") -> 9 | K99: 43306 | L99: =IF($I99>0,IF(N99>0,DATEDIF(I99,N99,"m"),"未完成"),"学员") -> 76 | M99: =IF($I99>0,IF(N99>0,DATEDIF(K99,N99,"m"),"未完成"),"学员") -> 67 | N99: 45354 | O99: =IF($I99>0,IF(Q99>0,DATEDIF(I99,Q99,"m"),"未完成"),"学员") -> 未完成 | P99: =IF($I99>0,IF(Q99>0,DATEDIF(N99,Q99,"m"),"未完成"),"学员") -> 未完成 | S99: =IF($I99>0,IF(T99>0,DATEDIF(I99,T99,"m"),"未完成"),"学员") -> 未完成 | U99: =IF($I99>0,IF(V99>0,DATEDIF(I99,V99,"m"),"未完成"),"学员") -> 未完成 | W99: =IF($I99>0,IF(X99>0,DATEDIF(I99,X99,"m"),"未完成"),"学员") -> 未完成 | Y99: =AA99+AC99+AE99+AH99+AJ99+AM99+AP99+AS99+AW99+AX99+AY99+AU99 -> 86 | Z99: 是 | AA99: =IF(Z99="是",5,0) -> 5 | AB99: 是 | AC99: =IF(AB99="是",10,0) -> 10 | AD99: 是 | AE99: =IF(AD99="是",5,0) -> 5 | AF99: =COUNTA(K99,N99,Q99,R99)*10 -> 20 | AG99: =IF(N99>0,DATEDIF(N99,TODAY(),"m"),0) -> 22 | AH99: =AG99*3 -> 66 | AI99: =IF(Q99>0,DATEDIF(Q99,TODAY(),"m"),0) -> 0 | AJ99: =AI99*6 -> 0 | AK99: =IF(T99>0,10,0) -> 0 | AL99: =IF(T99>0,DATEDIF(T99,TODAY(),"m"),0) -> 0 | AM99: =AL99*6 -> 0 | AN99: =IF(V99>0,10,0) -> 0 | AO99: =IF(V99>0,DATEDIF(V99,TODAY(),"m"),0) -> 0 | AP99: =AO99*6 -> 0 | AQ99: =IF(X99>0,10,0) -> 0 | AR99: =IF(X99>0,DATEDIF(X99,TODAY(),"m"),0) -> 0 | AS99: =AR99*6 -> 0 | AT99: =VLOOKUP(B99,经历时间!A:B,2,FALSE) -> 3023.09 | AU99: =IF(Q99>0,AT99*0.1,0) -> 0 | AV99: =IF(I99>0,DATEDIF(I99,TODAY(),"m"),0) -> 99 | AW99: 0 | AY99: =IFERROR(VLOOKUP(B99,'兼职+帮忙'!B:AF,28,FALSE),0) -> 0
A100: 276035 | B100: 曾渝浩 | C100: =VLOOKUP(B100,'姓名+分部'!A:B,2,FALSE) -> 三分部 | D100: B | E100: =IF(Q100>0,RANK(Y100,Y$2:Y$133),"无排名") -> 无排名 | F100: =IF(AND(Y100>1000,Q100>0,T100>0,V100>0,AV100>48,AI100>3),"可流转","继续培训") -> 继续培训 | G100: =IF(N100>0,"不考核",IF(K100>0,"B",IF(I100>0,"A2",IF(I100=0,"学员",NA())))) -> 不考核 | H100: =_xlfn.IFS(N100>0,"完成考核",K100>0,K100+390,I100>0,I100+120) -> 完成考核 | I100: 44974 | J100: =IF($I100>0,IF(K100>0,DATEDIF(I100,K100,"m"),"未完成"),"学员") -> 3 | K100: 45084 | L100: =IF($I100>0,IF(N100>0,DATEDIF(I100,N100,"m"),"未完成"),"学员") -> 15 | M100: =IF($I100>0,IF(N100>0,DATEDIF(K100,N100,"m"),"未完成"),"学员") -> 11 | N100: 45429 | O100: =IF($I100>0,IF(Q100>0,DATEDIF(I100,Q100,"m"),"未完成"),"学员") -> 未完成 | P100: =IF($I100>0,IF(Q100>0,DATEDIF(N100,Q100,"m"),"未完成"),"学员") -> 未完成 | S100: =IF($I100>0,IF(T100>0,DATEDIF(I100,T100,"m"),"未完成"),"学员") -> 未完成 | U100: =IF($I100>0,IF(V100>0,DATEDIF(I100,V100,"m"),"未完成"),"学员") -> 未完成 | W100: =IF($I100>0,IF(X100>0,DATEDIF(I100,X100,"m"),"未完成"),"学员") -> 未完成 | Y100: =AA100+AC100+AE100+AH100+AJ100+AM100+AP100+AS100+AW100+AX100+AY100+AU100 -> 77 | Z100: 是 | AA100: =IF(Z100="是",5,0) -> 5 | AB100: 是 | AC100: =IF(AB100="是",10,0) -> 10 | AD100: 是 | AE100: =IF(AD100="是",5,0) -> 5 | AF100: =COUNTA(K100,N100,Q100,R100)*10 -> 20 | AG100: =IF(N100>0,DATEDIF(N100,TODAY(),"m"),0) -> 19 | AH100: =AG100*3 -> 57 | AI100: =IF(Q100>0,DATEDIF(Q100,TODAY(),"m"),0) -> 0 | AJ100: =AI100*6 -> 0 | AK100: =IF(T100>0,10,0) -> 0 | AL100: =IF(T100>0,DATEDIF(T100,TODAY(),"m"),0) -> 0 | AM100: =AL100*6 -> 0 | AN100: =IF(V100>0,10,0) -> 0 | AO100: =IF(V100>0,DATEDIF(V100,TODAY(),"m"),0) -> 0 | AP100: =AO100*6 -> 0 | AQ100: =IF(X100>0,10,0) -> 0 | AR100: =IF(X100>0,DATEDIF(X100,TODAY(),"m"),0) -> 0 | AS100: =AR100*6 -> 0 | AT100: =VLOOKUP(B100,经历时间!A:B,2,FALSE) -> 1561 | AU100: =IF(Q100>0,AT100*0.1,0) -> 0 | AV100: =IF(I100>0,DATEDIF(I100,TODAY(),"m"),0) -> 34 | AW100: 0 | AY100: =IFERROR(VLOOKUP(B100,'兼职+帮忙'!B:AF,28,FALSE),0) -> 0
...

Sheet 兼职+帮忙
C1: 安全奖励加分 | I1: 行政、党务、工会表现加分 | S1: 科室加分 | AA1: 历史 | AC1: 汇总
A2: 员工号 | B2: 姓名 | C2: 重大 | D2: 10分 | E2: 突出 | F2: 5分 | G2: 一般 | H2: 2分 | I2: 宣传工作 | J2: 加分 | K2: 担任班组长 | L2: 加分 | M2: 协助前场值班 | N2: 加分 | O2: 其他工作 | P2: 加分 | Q2: 分部季度加分 | R2: 加分 | S2: 安技室(或安监部) | T2: 开始时间 | U2: 累计时长 | V2: 加分 | W2: 运训室 | X2: 开始时间 | Y2: 累计时长 | Z2: 加分 | AA2: 历史明细 | AB2: 历史加分 | AC2: 所有年份总分 | AD2: 2023 | AE2: 2024 | AF2: 2025
A3: 248320 | B3: 陈利勤 | AA3: 从2021.1.1至2026.3.1协助安技室开展工作，加630分 | AB3: =630 -> 630 | AC3: =D3+F3+H3+J3+L3+N3+P3+R3+V3+Z3+AB3 -> 630
A4: 248310 | B4: 李晋诣 | AA4: 从2021.1.1至2026.3.1协助安技室开展工作，加630分 | AB4: =630 -> 630 | AC4: =D4+F4+H4+J4+L4+N4+P4+R4+V4+Z4+AB4 -> 630
A5: 273299 | B5: 欧阳文威 | W5: 协助运训室开展工作 | X5: 44197 | Y5: =DATEDIF(X5,TODAY(),"M") -> 60 | Z5: =Y5*10 -> 600 | AA5: 协助训练安排工作 | AB5: =12 -> 12 | AC5: =D5+F5+H5+J5+L5+N5+P5+R5+V5+Z5+AB5 -> 612
A6: 271943 | B6: 周锐豪 | W6: 协助运训室开展工作 | X6: 46023 | Y6: =DATEDIF(X6,TODAY(),"M") -> 0 | Z6: =Y6*5 -> 0
A7: 259803 | B7: 仁泽尧 | W7: 协助运训室开展工作 | X7: 46023 | Y7: =DATEDIF(X7,TODAY(),"M") -> 0 | Z7: =Y7*5 -> 0
B8: 罗浩诚
A9: 247692 | B9: 李鹏 | S9: 从2021.10.1至2026.3.1协助安监部开展工作，加540分 | AA9: 2023制作安康杯宣传片、制作飞行部航前航后流程宣传片，2023年北美航线安康杯竞赛选手，从2021.10.1至2026.3.1协助安监部开展工作，加540分 | AB9: =554.5 -> 554.5 | AC9: =D9+F9+H9+J9+L9+N9+P9+R9+V9+Z9+AB9 -> 554.5
A10: 251920 | B10: 周永富 | S10: 从2021.10.1至2026.3.1协助安监部开展工作，加540分 | AA10: 从2021.10.1至2026.3.1协助安监部开展工作，加540分 | AB10: =540 -> 540 | AC10: =D10+F10+H10+J10+L10+N10+P10+R10+V10+Z10+AB10 -> 540
A11: 260944 | B11: 王若飞 | W11: 协助运训室开展工作 | X11: 44743 | Y11: =DATEDIF(X11,TODAY(),"M") -> 42 | Z11: =Y11*5 -> 210 | AA11: 换季学习、线下CRM安排 | AB11: 12 | AC11: =D11+F11+H11+J11+L11+N11+P11+R11+V11+Z11+AB11 -> 222
A12: 262062 | B12: 傅燧旭 | W12: 协助运训室开展工作 | X12: 44927 | Y12: =DATEDIF(X12,TODAY(),"M") -> 36 | Z12: =Y12*5 -> 180 | AA12: 换季学习、ICAO英语考试 | AB12: 12 | AC12: =D12+F12+H12+J12+L12+N12+P12+R12+V12+Z12+AB12 -> 192
A13: 247704 | B13: 卢元俊 | K13: 2022.6-2024.5 | L13: 120 | O13: 2022年南航物流优秀共青团员、2023五佳副驾驶 | P13: 30 | S13: 协助qar项目组开展工作 | T13: 44774 | U13: =DATEDIF(T13,TODAY(),"M") -> 41 | V13: =U13*5 -> 205 | W13: 总师办值班 | X13: 44927 | Y13: =DATEDIF(X13,TODAY(),"M") -> 36 | Z13: =1*Y13 -> 36 | AA13: QAR事件监控、广-浦-stn航线手册、作风量化方案编写 | AB13: 20 | AC13: =D13+F13+H13+J13+L13+N13+P13+R13+V13+Z13+AB13 -> 411
A14: 258463 | B14: 唐鑫魁 | S14: 2022年7月-2024年3月qar项目组、月例会材料开展工作，后来是职员，分段计算 | T14: 45383 | U14: =DATEDIF(T14,TODAY(),"M") -> 21 | V14: =U14*10+21*5 -> 315 | AA14: 协助安技室工作，北美航线安康杯竞赛选手 | AB14: 13 | AC14: =D14+F14+H14+J14+L14+N14+P14+R14+V14+Z14+AB14 -> 328
A15: 263416 | B15: 黄俊豪 | S15: 协助qar项目组开展工作 | T15: 45170 | U15: =DATEDIF(T15,TODAY(),"M") -> 28 | V15: =U15*5 -> 140 | AA15: 协助安技室工作，南航视窗投稿 | AB15: 8.5 | AC15: =D15+F15+H15+J15+L15+N15+P15+R15+V15+Z15+AB15 -> 148.5
A16: 248907 | B16: 余希 | S16: 协助qar项目组开展工作 | T16: 45170 | U16: =DATEDIF(T16,TODAY(),"M") -> 28 | V16: =U16*5 -> 140 | W16: 总师办值班 | Z16: 8 | AA16: 协助QAR工作 | AB16: 2 | AC16: =D16+F16+H16+J16+L16+N16+P16+R16+V16+Z16+AB16 -> 150
A17: 265822 | B17: 谢源 | W17: 协助运训室开展工作 | X17: 45078 | Y17: =DATEDIF(X17,TODAY(),"M") -> 31 | Z17: =Y17*5 -> 155 | AA17: CRM训练安排 | AB17: 6 | AC17: =D17+F17+H17+J17+L17+N17+P17+R17+V17+Z17+AB17 -> 161
A18: 265801 | B18: 刘展亮 | AA18: 广-浦-stn航线手册 | AB18: 4 | AC18: =D18+F18+H18+J18+L18+N18+P18+R18+V18+Z18+AB18 -> 4
A19: 236217 | B19: 李泰成 | AA19: 协助安技室工作 | AB19: 12 | AC19: =D19+F19+H19+J19+L19+N19+P19+R19+V19+Z19+AB19 -> 12
A20: 257603 | B20: 李少钦 | AA20: 协助安技室工作 | AB20: 8 | AC20: =D20+F20+H20+J20+L20+N20+P20+R20+V20+Z20+AB20 -> 8
A21: 230397 | B21: 谢旭纬 | AA21: 欧洲航线知识授课 | AB21: 1 | AC21: =D21+F21+H21+J21+L21+N21+P21+R21+V21+Z21+AB21 -> 1
A22: 253781 | B22: 陈俊 | AA22: 北美航线安康杯竞赛选手 | AB22: 1 | AC22: =D22+F22+H22+J22+L22+N22+P22+R22+V22+Z22+AB22 -> 1
A23: 257606 | B23: 陈伟雄 | AA23: 协助填写各类培训记录 | AB23: 5 | AC23: =D23+F23+H23+J23+L23+N23+P23+R23+V23+Z23+AB23 -> 5
A24: 279511 | B24: 张义涛 | C24: 2024年7月14日，执行 CZ2547（深圳-安克雷奇）航班，在仁川区域正确处置空中冲突。 | D24: 10 | S24: 安全信息和风险工作组值班 | V24: 5 | AA24: 协助安技室工作 | AB24: 4 | AC24: =D24+F24+H24+J24+L24+N24+P24+R24+V24+Z24+AB24 -> 19
A25: 284046 | B25: 朱戈昊 | S25: 制作圣卢凯的航线实录课件 | V25: 15 | AC25: =D25+F25+H25+J25+L25+N25+P25+R25+V25+Z25+AB25 -> 15
A26: 253776 | B26: 张星远 | O26: 健康指数统计 | P26: 5 | AC26: =D26+F26+H26+J26+L26+N26+P26+R26+V26+Z26+AB26 -> 5
A27: 266461 | B27: 刘观正 | S27: 安全信息和风险工作组值班 | V27: 5 | AC27: =D27+F27+H27+J27+L27+N27+P27+R27+V27+Z27+AB27 -> 5
A28: 258455 | B28: 车有路 | S28: 安全信息和风险工作组值班 | V28: 5 | AC28: =D28+F28+H28+J28+L28+N28+P28+R28+V28+Z28+AB28 -> 5
A29: 272821 | B29: 洪昭 | S29: 安全信息和风险工作组值班 | V29: 5 | AC29: =D29+F29+H29+J29+L29+N29+P29+R29+V29+Z29+AB29 -> 5

Sheet 经历时间
A1: 姓名 | B1: 飞行经历
A2: 薛京亮 | B2: 6280.44
A3: 刘帅 | B3: 3426.18
A4: 周浩良 | B4: 6372.06
A5: 刘信 | B5: 4541.54
A6: 谢旭纬 | B6: 2868.04
A7: 李泰成 | B7: 3363
A8: 吴润雨 | B8: 3037.13
A9: 邓汉昕 | B9: 2099.32
A10: 李鹏 | B10: 2924.28
A11: 刘洋 | B11: 2255.32
A12: 卢元俊 | B12: 2913.54
A13: 李晋诣 | B13: 2742.08
... A160: 滕兆麟 | B160: 330.2

Sheet 西亚报务获得时间
A1: 员工号 | B1: 姓名 | C1: 检查项 | D1: 检查日期
A2: 280880 | B2: 税毅 | C2: 西亚和撒哈拉以北的非洲区域英语通信资格 | D2: 45849
A3: 247704 | B3: 卢元俊 | C3: 西亚和撒哈拉以北的非洲区域英语通信资格 | D3: 45797
A4: 278078 | B4: 汪润泽 | C4: 西亚和撒哈拉以北的非洲区域英语通信资格 | D4: 45735
A5: 248310 | B5: 李晋诣 | C5: 西亚和撒哈拉以北的非洲区域英语通信资格 | D5: 45725
A6: 265801 | B6: 刘展亮 | C6: 西亚和撒哈拉以北的非洲区域英语通信资格 | D6: 45709
A7: 212871 | B7: 熊寅 | C7: 西亚和撒哈拉以北的非洲区域英语通信资格 | D7: 45713
A8: 246412 | B8: 邓汉昕 | C8: 西亚和撒哈拉以北的非洲区域英语通信资格 | D8: 45723
A9: 248319 | B9: 吴振鹏 | C9: 西亚和撒哈拉以北的非洲区域英语通信资格 | D9: 45704
A10: 248320 | B10: 陈利勤 | C10: 西亚和撒哈拉以北的非洲区域英语通信资格 | D10: 45692
A11: 248907 | B11: 余希 | C11: 西亚和撒哈拉以北的非洲区域英语通信资格 | D11: 45696
A12: 259798 | B12: 何立军 | C12: 西亚和撒哈拉以北的非洲区域英语通信资格 | D12: 45667
A13: 261757 | B13: 姜泽 | C13: 西亚和撒哈拉以北的非洲区域英语通信资格 | D13: 45660
... A23: 247692 | B23: 李鹏 | C23: 西亚和撒哈拉以北的非洲区域英语通信资格 | D23: 45584

Sheet 姓名+分部
A1: 姓名 | B1: 分部
A2: 伍文彬 | B2: 一分部
A3: 李星龙 | B3: 二分部
A4: 夏晴 | B4: 三分部
A5: 姚诚 | B5: 三分部
A6: 王一鸣 | B6: 二分部
A7: 李宁 | B7: 一分部
A8: 仪少丰 | B8: 二分部
A9: 蒋冬冀 | B9: 一分部
A10: 方辰 | B10: 三分部
A11: 吴焱 | B11: 一分部
A12: 谭健 | B12: 三分部
... A340: 张釜浩 | B340: 三分部

Sheet 公式说明
A1: 副驾驶积分表 - 公式说明文档（以李晋诣为例）
A3: 一、基础数据（需手工录入的列）
A4: 列 | B4: 表头 | C4: 李晋诣的值 | D4: 说明
A5: A | B5: 员工号 | C5: 248310 | D5: 员工唯一编号
A6: B | B6: 姓名 | C6: 李晋诣 | D6: 员工姓名
A7: I | B7: A1 | C7: 43664 | D7: A1等级获得日期（入职日期）
A8: K | B8: A2 | C8: 43702 | D8: A2等级获得日期
A9: N | B9: B | C9: 44079 | D9: B等级获得日期
A10: Q | B10: C | C10: 44831 | D10: C等级获得日期
A11: R | B11: D | C11: 45530 | D11: D等级获得日期
A12: T | B12: 欧洲报务 | C12: 44056 | D12: 获得欧洲报务资质的日期
A13: V | B13: 美加报务 | C13: 45061 | D13: 获得美加报务资质的日期
A14: X | B14: 西亚报务 | C14: 45725 | D14: 获得西亚报务资质的日期
A15: Z | B15: 改装理论一次通过 | C15: 是 | D15: 填"是"或留空
A16: AB | B16: 改装模拟机一次通过 | C16: 是 | D16: 填"是"或留空
A17: AD | B17: 改装本场一次通过 | C17: 是 | D17: 填"是"或留空
A18: AW | B18: 历史 | C18: 51.5 | D18: 历史遗留分数
A19: AX | B19: 扣分项 | D19: 扣分记录
A22: 二、公式列详解（自动计算的列）
A23: 列 | B23: 表头 | C23: 公式 | D23: 以李晋诣为例的计算过程 | E23: 结果
A24: C | B24: 分部 | C24: =VLOOKUP(B2,'姓名+分部'!A:B,2,FALSE) -> #N/A | D24: 在'姓名+分部'表的A列找'李晋诣'，返回B列的值 | E24: (查表得到)
A25: E | B25: 积分排名 | C25: =IF(Q2>0,RANK(Y2,Y$2:Y$133),"无排名") -> 无排名 | D25: Q2=2022-09-27有值，所以计算Y2(总分)在所有人中的排名 | E25: (排名数字)
A26: F | B26: 培训状态 | C26: =IF(AND(Y2>1000,Q2>0,T2>0,V2>0,AV2>48,AI2>3),"可流转","继续培训") -> 继续培训 | D26: 检查6个条件是否全部满足：总分>1000、有C级、有欧洲报务、有美加报务、本机型运行>48月、C类运行>3月 | E26: 可流转/继续培训
A27: G | B27: 考核项目 | C27: =IF(N2>0,"不考核",IF(K2>0,"B",IF(I2>0,"A2",IF(I2=0,"学员",NA())))) -> 学员 | D27: N2=2020-09-05有值，第一个条件满足，返回"不考核" | E27: 不考核
A28: H | B28: 进度预警 | C28: =_xlfn.IFS(N2>0,"完成考核",K2>0,K2+390,I2>0,I2+120) -> #N/A | D28: N2有值，返回"完成考核"；如果只有K2有值，返回K2日期+390天作为预警日期 | E28: 完成考核
A29: J | B29: 转A2阶段时长 | C29: =IF($I2>0,IF(K2>0,DATEDIF(I2,K2,"m"),"未完成"),"学员") -> 学员 | D29: I2和K2都有值，计算DATEDIF(2019-07-18,2019-08-25,"m")=1个月 | E29: 1
A30: L | B30: 转B总时长 | C30: =IF($I2>0,IF(N2>0,DATEDIF(I2,N2,"m"),"未完成"),"学员") -> 学员 | D30: DATEDIF(2019-07-18,2020-09-05,"m")=13个月 | E30: 13
A31: M | B31: 转B阶段时长 | C31: =IF($I2>0,IF(N2>0,DATEDIF(K2,N2,"m"),"未完成"),"学员") -> 学员 | D31: DATEDIF(2019-08-25,2020-09-05,"m")=12个月 | E31: 12
A32: O | B32: 转C总时长 | C32: =IF($I2>0,IF(Q2>0,DATEDIF(I2,Q2,"m"),"未完成"),"学员") -> 学员 | D32: DATEDIF(2019-07-18,2022-09-27,"m")=38个月 | E32: 38
A33: P | B33: 转C阶段时长 | C33: =IF($I2>0,IF(Q2>0,DATEDIF(N2,Q2,"m"),"未完成"),"学员") -> 学员 | D33: DATEDIF(2020-09-05,2022-09-27,"m")=24个月 | E33: 24
A34: S | B34: 欧洲报务培训时长 | C34: =IF($I2>0,IF(T2>0,DATEDIF(I2,T2,"m"),"未完成"),"学员") -> 学员 | D34: DATEDIF(2019-07-18,2020-08-13,"m")=12个月 | E34: 12
A35: U | B35: 美加报务培训时长 | C35: =IF($I2>0,IF(V2>0,DATEDIF(I2,V2,"m"),"未完成"),"学员") -> 学员 | D35: DATEDIF(2019-07-18,2023-05-15,"m")=45个月 | E35: 45
A36: W | B36: 西亚报务培训时长 | C36: =IF($I2>0,IF(X2>0,DATEDIF(I2,X2,"m"),"未完成"),"学员") -> 学员 | D36: DATEDIF(2019-07-18,2025-03-09,"m")=67个月 | E36: 67
A39: 三、积分计算公式详解
A40: 列 | B40: 表头 | C40: 公式 | D40: 计算过程 | E40: 得分
A41: AA | B41: 改装理论分数 | C41: =IF(Z2="是",5,0) -> 0 | D41: Z2="是"，条件成立 | E41: 5分
A42: AC | B42: 改装模拟机分数 | C42: =IF(AB2="是",10,0) -> 0 | D42: AB2="是"，条件成立 | E42: 10分
A43: AE | B43: 改装本场分数 | C43: =IF(AD2="是",5,0) -> 0 | D43: AD2="是"，条件成立 | E43: 5分
A44: AF | B44: 技术等级分 | C44: =COUNTA(K2,N2,Q2,R2)*10 -> 0 | D44: 4个单元格都有值，COUNTA=4，4×10 | E44: 40分
A45: AG | B45: B类运行月数 | C45: =IF(N2>0,DATEDIF(N2,TODAY(),"m"),0) -> 0 | D45: N2有值，计算从2020-09-05到今天的月数 | E45: 约52月
A46: AH | B46: B类运行分数 | C46: =AG2*3 -> 0 | D46: 52×3 | E46: 156分
A47: AI | B47: C类运行月数 | C47: =IF(Q2>0,DATEDIF(Q2,TODAY(),"m"),0) -> 0 | D47: Q2有值，计算从2022-09-27到今天的月数 | E47: 约27月
A48: AJ | B48: C类运行分数 | C48: =AI2*6 -> 0 | D48: 27×6 | E48: 162分
A49: AK | B49: 欧洲报务资质分 | C49: =IF(T2>0,10,0) -> 0 | D49: T2有值 | E49: 10分
A50: AL | B50: 欧洲报务月数 | C50: =IF(T2>0,DATEDIF(T2,TODAY(),"m"),0) -> 0 | D50: 从2020-08-13到今天 | E50: 约53月
A51: AM | B51: 欧洲报务分数 | C51: =AL2*6 -> 0 | D51: 53×6 | E51: 318分
A52: AN | B52: 美加报务资质分 | C52: =IF(V2>0,10,0) -> 0 | D52: V2有值 | E52: 10分
A53: AO | B53: 美加报务月数 | C53: =IF(V2>0,DATEDIF(V2,TODAY(),"m"),0) -> 0 | D53: 从2023-05-15到今天 | E53: 约19月
A54: AP | B54: 美加报务分数 | C54: =AO2*6 -> 0 | D54: 19×6 | E54: 114分
A55: AQ | B55: 西亚报务资质分 | C55: =IF(X2>0,10,0) -> 0 | D55: X2有值 | E55: 10分
A56: AR | B56: 西亚报务月数 | C56: =IF(X2>0,DATEDIF(X2,TODAY(),"m"),0) -> 0 | D56: 从2025-03-09到今天 | E56: (月数)
A57: AS | B57: 西亚报务分数 | C57: =AR2*6 -> 0 | D57: 月数×6 | E57: (计算)
A58: AT | B58: 总经历时间 | C58: =VLOOKUP(B2,经历时间!A:B,2,FALSE) -> #N/A | D58: 从经历时间表查找李晋诣的值 | E58: (查表)
A59: AU | B59: 经历时间得分 | C59: =IF(Q2>0,AT2*0.1,0) -> 0 | D59: Q2有值，AT2×0.1 | E59: (计算)
A60: AV | B60: 本机型运行月数 | C60: =IF(I2>0,DATEDIF(I2,TODAY(),"m"),0) -> 0 | D60: 从2019-07-18到今天 | E60: 约65月
A61: AY | B61: 加分项 | C61: =IFERROR(VLOOKUP(B2,'兼职+帮忙'!B:AF,28,FALSE),0) -> 0 | D61: 从兼职+帮忙表查找，找不到返回0 | E61: (查表)
A64: 四、总分计算
A65: 总分公式（Y列）：
A66: =AA2+AC2+AE2+AH2+AJ2+AM2+AP2+AS2+AW2+AX2+AY2+AU2 -> 0
A68: 即：改装理论分 + 改装模拟机分 + 改装本场分 + B类运行分 + C类运行分 + 欧洲报务分 + 美加报务分 + 西亚报务分 + 历史分 + 扣分项 + 加分项 + 经历时间得分
A70: 五、可流转条件（6个条件必须全部满足）
A71: 序号 | B71: 条件 | C71: 要求 | D71: 李晋诣情况 | E71: 是否满足
A72: 1 | B72: 总分 | C72: Y列 > 1000 | D72: (计算总分) | E72: 待确认
A73: 2 | B73: C级资质 | C73: Q列有日期 | D73: 2022-09-27 | E73: 满足
A74: 3 | B74: 欧洲报务 | C74: T列有日期 | D74: 2020-08-13 | E74: 满足
A75: 4 | B75: 美加报务 | C75: V列有日期 | D75: 2023-05-15 | E75: 满足
A76: 5 | B76: 本机型运行月数 | C76: AV列 > 48 | D76: 约65月 | E76: 满足
A77: 6 | B77: C类运行月数 | C77: AI列 > 3 | D77: 约27月 | E77: 满足
A80: 六、Excel函数说明
A81: 函数 | B81: 作用 | C81: 语法 | D81: 示例
A82: VLOOKUP | B82: 垂直查找，根据第一列的值返回同行其他列的值 | C82: VLOOKUP(查找值,表格范围,返回第几列,FALSE) | D82: VLOOKUP(B2,'姓名+分部'!A:B,2,FALSE) 在姓名+分部表中找B2的姓名，返回第2列的分部
A83: DATEDIF | B83: 计算两个日期之间的差值 | C83: DATEDIF(开始日期,结束日期,"m") m表示月 | D83: DATEDIF(I2,K2,"m") 计算I2到K2之间有几个月
A84: IF | B84: 条件判断 | C84: IF(条件,条件成立返回值,条件不成立返回值) | D84: IF(Z2="是",5,0) 如果Z2是"是"返回5，否则返回0
A85: IFS | B85: 多条件判断，依次检查条件 | C85: IFS(条件1,值1,条件2,值2,...) | D85: IFS(N2>0,"完成",K2>0,K2+390) 先检查N2，再检查K2
A86: AND | B86: 多个条件同时满足才返回TRUE | C86: AND(条件1,条件2,...) | D86: AND(Y2>1000,Q2>0) Y2>1000且Q2>0才为TRUE
A87: RANK | B87: 计算数值在范围内的排名 | C87: RANK(数值,范围) | D87: RANK(Y2,Y$2:Y$133) 计算Y2在Y2到Y133中的排名
A88: COUNTA | B88: 统计非空单元格的数量 | C88: COUNTA(单元格1,单元格2,...) | D88: COUNTA(K2,N2,Q2,R2) 统计这4个单元格中有几个不为空
A89: IFERROR | B89: 错误处理，公式出错时返回指定值 | C89: IFERROR(公式,出错时返回值) | D89: IFERROR(VLOOKUP(...),0) 查找失败时返回0而不是报错
A90: TODAY | B90: 返回今天的日期 | C90: TODAY() | D90: DATEDIF(N2,TODAY(),"m") 计算N2到今天有几个月
A93: 七、积分规则汇总
A94: 项目 | B94: 得分规则
A95: 改装理论一次通过 | B95: 5分
A96: 改装模拟机一次通过 | B96: 10分
A97: 改装本场一次通过 | B97: 5分
A98: 技术等级(A2/B/C/D) | B98: 每个等级10分，最多40分
A99: B类运行 | B99: 每月3分
A100: C类运行 | B100: 每月6分
A101: 欧洲报务资质 | B101: 获得即得10分
A102: 欧洲报务运行 | B102: 每月6分
A103: 美加报务资质 | B103: 获得即得10分
A104: 美加报务运行 | B104: 每月6分
A105: 西亚报务资质 | B105: 获得即得10分
... A107: 经历时间 | B107: 总经历时间×0.1（需有C级资质）
